time,frame,fps,current_point,allocated_chunks,active_compute_cores,chunks_generation_queue
0,0,50,0,6,6,6
0.01666667,1,50,0,6,6,6
0.03333334,2,58,0,6,6,6
0.05,3,30,0,6,6,6
0.06666667,4,60,0,6,1,1
0.08333334,5,60,0,26,20,20
0.1,6,59,0,26,20,20
0.1166667,7,61,0,30,24,24
0.1333333,8,59,0,30,4,4
0.15,9,60,0,94,62,62
0.1666667,10,60,0,98,58,58
0.1833333,11,59,0,98,62,62
0.2,12,61,0,98,62,62
0.2166667,13,60,0,98,4,4
0.2333333,14,57,0,162,58,58
0.25,15,53,0,214,62,62
0.2666667,16,60,0,214,62,62
0.2833333,17,59,0,214,62,62
0.3,18,58,0,214,62,62
0.3166667,19,45,0,214,35,35
0.3333333,20,19,0,246,27,27
0.35,21,35,0,306,60,60
0.3666667,22,40,0,306,60,60
0.3833333,23,60,0,306,49,49
0.4,24,34,0,334,29,29
0.4166667,25,33,0,386,39,39
0.4333333,26,27,0,402,57,57
0.45,27,25,0,426,47,47
0.4666667,28,36,0,430,39,39
0.4833333,29,59,0,430,24,24
0.5,30,38,0,430,55,55
0.5166667,31,60,0,430,47,47
0.5333334,32,60,0,430,39,39
0.55,33,59,0,430,55,55
0.5666667,34,38,0,430,43,43
0.5833333,35,58,0,430,28,28
0.6,36,39,0,430,55,55
0.6166667,37,23,0,430,39,39
0.6333333,38,36,0,430,41,41
0.65,39,60,0,438,53,53
0.6666667,40,48,0,454,27,27
0.6833333,41,32,0,458,42,42
0.7,42,21,0,478,52,52
0.7166666,43,60,0,478,52,52
0.7333333,44,43,0,478,52,52
0.75,45,52,0,514,31,31
0.7666667,46,31,0,514,21,21
0.7833334,47,39,0,514,47,47
0.8,48,35,0,514,47,47
0.8166667,49,60,0,522,30,30
0.8333333,50,60,0,522,35,35
0.85,51,59,0,522,8,8
0.8666667,52,59,0,522,8,8
0.8833333,53,60,0,522,8,8
0.9,54,60,0,522,0,0
0.9166667,55,59,0,522,0,0
0.9333333,56,61,0,522,0,0
0.95,57,60,0,522,0,0
0.9666666,58,58,0,522,0,0
0.9833333,59,61,0,522,0,0
1,60,59,0,522,0,0
1.016667,61,61,0,522,0,0
1.033333,62,60,0,522,0,0
1.05,63,60,0,522,0,0
1.066667,64,57,0,522,0,0
1.083333,65,63,0,522,0,0
1.1,66,60,0,522,0,0
1.116667,67,60,0,522,0,0
1.133333,68,59,0,522,0,0
1.15,69,61,0,522,0,0
1.166667,70,60,0,522,0,0
1.183333,71,60,0,522,0,0
1.2,72,60,0,522,0,0
1.216667,73,59,0,522,0,0
1.233333,74,61,0,522,0,0
1.25,75,58,0,522,0,0
1.266667,76,61,0,522,0,0
1.283333,77,59,0,522,0,0
1.3,78,58,0,522,0,0
1.316667,79,62,0,522,0,0
1.333333,80,58,0,522,0,0
1.35,81,58,0,522,0,0
1.366667,82,62,0,522,0,0
1.383333,83,60,0,522,0,0
1.4,84,59,0,522,0,0
1.416667,85,62,0,522,0,0
1.433333,86,58,0,522,0,0
1.45,87,62,0,522,0,0
1.466667,88,59,0,522,0,0
1.483333,89,60,0,522,0,0
1.5,90,58,0,522,0,0
1.516667,91,62,0,522,0,0
1.533333,92,61,0,522,0,0
1.55,93,59,0,522,0,0
1.566667,94,57,0,522,0,0
1.583333,95,64,0,522,0,0
1.6,96,60,0,522,0,0
1.616667,97,59,0,522,0,0
1.633333,98,58,0,522,0,0
1.65,99,62,0,522,0,0
1.666667,100,59,0,522,0,0
1.683333,101,60,0,522,0,0
1.7,102,61,0,522,0,0
1.716667,103,60,0,522,0,0
1.733333,104,59,0,522,0,0
1.75,105,59,0,522,0,0
1.766667,106,62,0,522,0,0
1.783333,107,59,0,522,0,0
1.8,108,58,0,522,0,0
1.816667,109,62,0,522,0,0
1.833333,110,59,0,522,0,0
1.85,111,61,0,522,0,0
1.866667,112,57,0,522,0,0
1.883333,113,63,0,522,0,0
1.9,114,60,0,522,0,0
1.916667,115,60,0,522,0,0
1.933333,116,60,0,522,0,0
1.95,117,59,0,522,0,0
1.966667,118,61,0,522,0,0
1.983333,119,60,0,522,0,0
2,120,60,0,522,0,0
2.016667,121,60,0,522,0,0
2.033333,122,60,0,522,0,0
2.05,123,59,0,522,0,0
2.066667,124,60,0,522,0,0
2.083333,125,59,0,522,0,0
2.1,126,60,0,522,0,0
2.116667,127,60,0,522,0,0
2.133333,128,58,0,522,0,0
2.15,129,62,0,522,0,0
2.166667,130,60,0,522,0,0
2.183333,131,60,0,522,0,0
2.2,132,60,0,522,0,0
2.216667,133,58,0,522,0,0
2.233333,134,62,0,522,0,0
2.25,135,59,0,522,0,0
2.266667,136,61,0,522,0,0
2.283333,137,60,0,522,0,0
2.3,138,58,0,522,0,0
2.316667,139,61,0,522,0,0
2.333333,140,59,0,522,0,0
2.35,141,59,0,522,0,0
2.366667,142,62,0,522,0,0
2.383333,143,59,0,522,0,0
2.4,144,61,0,522,0,0
2.416667,145,60,0,522,0,0
2.433333,146,59,0,522,0,0
2.45,147,58,0,522,0,0
2.466667,148,62,0,522,0,0
2.483333,149,60,0,522,0,0
2.5,150,61,0,522,0,0
2.516667,151,60,0,522,0,0
2.533333,152,58,0,522,0,0
2.55,153,62,0,522,0,0
2.566667,154,59,0,522,0,0
2.583333,155,59,0,522,0,0
2.6,156,62,0,522,0,0
2.616667,157,58,0,522,0,0
2.633333,158,61,0,522,0,0
2.65,159,59,0,522,0,0
2.666667,160,58,0,522,0,0
2.683333,161,62,0,522,0,0
2.7,162,59,0,522,0,0
2.716667,163,61,0,522,0,0
2.733333,164,59,0,522,0,0
2.75,165,60,0,522,0,0
2.766667,166,60,0,522,0,0
2.783333,167,59,0,522,0,0
2.8,168,58,0,522,0,0
2.816667,169,62,0,522,0,0
2.833333,170,59,0,522,0,0
2.85,171,62,0,522,0,0
2.866667,172,59,0,522,0,0
2.883333,173,59,0,522,0,0
2.9,174,62,0,522,0,0
2.916667,175,59,0,522,0,0
2.933333,176,61,0,522,0,0
2.95,177,59,0,522,0,0
2.966667,178,58,0,522,0,0
2.983333,179,62,0,522,0,0
3,180,59,0,522,0,0
3.016667,181,61,0,522,0,0
3.033333,182,59,0,522,0,0
3.05,183,61,0,522,0,0
3.066667,184,60,0,522,0,0
3.083333,185,59,0,522,0,0
3.1,186,61,0,522,0,0
3.116667,187,59,0,522,0,0
3.133333,188,58,0,522,0,0
3.15,189,62,0,522,0,0
3.166667,190,59,0,522,0,0
3.183333,191,58,0,522,0,0
3.2,192,62,0,522,0,0
3.216667,193,59,0,522,0,0
3.233333,194,61,0,522,0,0
3.25,195,59,0,522,0,0
3.266667,196,37,0,522,0,0
3.283333,197,60,0,522,0,0
3.3,198,59,0,522,0,0
3.316667,199,59,0,522,0,0
3.333333,200,62,0,522,0,0
3.35,201,59,0,522,0,0
3.366667,202,58,0,522,0,0
3.383333,203,62,0,522,0,0
3.4,204,58,0,522,0,0
3.416667,205,62,0,522,0,0
3.433333,206,59,0,522,0,0
3.45,207,59,0,522,0,0
3.466667,208,62,0,522,0,0
3.483333,209,59,0,522,0,0
3.5,210,62,0,522,0,0
3.516667,211,59,0,522,0,0
3.533333,212,61,0,522,0,0
3.55,213,60,0,522,0,0
3.566667,214,58,0,522,0,0
3.583333,215,59,0,522,0,0
3.6,216,62,0,522,0,0
3.616667,217,61,0,522,0,0
3.633333,218,60,0,522,0,0
3.65,219,58,0,522,0,0
3.666667,220,61,0,522,0,0
3.683333,221,59,0,522,0,0
3.7,222,59,0,522,0,0
3.716667,223,62,0,522,0,0
3.733333,224,59,0,522,0,0
3.75,225,61,0,522,0,0
3.766667,226,59,0,522,0,0
3.783333,227,58,0,522,0,0
3.8,228,62,0,522,0,0
3.816667,229,59,0,522,0,0
3.833333,230,58,0,522,0,0
3.85,231,62,0,522,0,0
3.866667,232,60,0,522,0,0
3.883333,233,60,0,522,0,0
3.9,234,59,0,522,0,0
3.916667,235,58,0,522,0,0
3.933333,236,62,0,522,0,0
3.95,237,59,0,522,0,0
3.966667,238,58,0,522,0,0
3.983333,239,62,0,522,0,0
4,240,59,0,522,0,0
4.016667,241,62,0,522,0,0
4.033333,242,59,0,522,0,0
4.05,243,61,0,522,0,0
4.066667,244,60,0,522,0,0
4.083333,245,60,0,522,0,0
4.1,246,57,0,522,0,0
4.116667,247,62,0,522,0,0
4.133333,248,61,0,522,0,0
4.15,249,60,0,522,0,0
4.166667,250,58,0,522,0,0
4.183333,251,61,0,522,0,0
4.2,252,59,0,522,0,0
4.216667,253,61,0,522,0,0
4.233333,254,57,0,522,0,0
4.25,255,62,0,522,0,0
4.266667,256,61,0,522,0,0
4.283333,257,59,0,522,0,0
4.3,258,59,0,522,0,0
4.316667,259,62,0,522,0,0
4.333333,260,59,0,522,0,0
4.35,261,59,0,522,0,0
4.366667,262,62,0,522,0,0
4.383333,263,58,0,522,0,0
4.4,264,62,0,522,0,0
4.416667,265,59,0,522,0,0
4.433333,266,58,0,522,0,0
4.45,267,62,0,522,0,0
4.466667,268,58,0,522,0,0
4.483333,269,61,0,522,0,0
4.5,270,59,0,522,0,0
4.516667,271,58,0,522,0,0
4.533333,272,62,0,522,0,0
4.55,273,60,0,522,0,0
4.566667,274,60,0,522,0,0
4.583333,275,59,0,522,0,0
4.6,276,58,0,522,0,0
4.616667,277,62,0,522,0,0
4.633333,278,59,0,522,0,0
4.65,279,61,0,522,0,0
4.666667,280,59,0,522,0,0
4.683333,281,59,1,522,0,0
4.7,282,58,1,586,63,63
4.716667,283,63,1,650,63,63
4.733333,284,60,1,650,63,63
4.75,285,60,1,714,31,31
4.766667,286,59,1,778,32,32
4.783333,287,53,1,778,63,63
4.8,288,58,1,838,63,63
4.816667,289,62,1,902,31,31
4.833333,290,36,1,946,36,36
4.85,291,49,1,946,58,58
4.866667,292,61,1,982,62,62
4.883333,293,75,1,982,62,62
4.9,294,59,1,1010,0,0
4.916667,295,33,1,1010,62,62
4.933333,296,60,1,1034,62,62
4.95,297,59,1,1034,62,62
4.966667,298,61,1,1034,62,62
4.983333,299,57,1,1034,0,0
5,300,28,1,1034,61,61
5.016667,301,60,1,1034,61,61
5.033333,302,59,1,1050,61,61
5.05,303,61,1,1050,61,61
5.066667,304,60,1,1050,0,0
5.083333,305,28,1,1050,60,60
5.1,306,60,1,1078,60,60
5.116667,307,59,1,1078,44,44
5.133333,308,61,1,1078,59,59
5.15,309,60,1,1078,15,15
5.166667,310,59,1,1078,47,47
5.183333,311,61,1,1110,56,56
5.2,312,59,1,1110,60,60
5.216667,313,58,1,1154,54,54
5.233333,314,63,1,1154,60,60
5.25,315,59,1,1154,6,6
5.266667,316,53,1,1154,54,54
5.283333,317,58,1,1154,60,60
5.3,318,62,1,1154,60,60
5.316667,319,59,1,1170,40,40
5.333333,320,61,1,1170,60,60
5.35,321,60,1,1170,20,20
5.366667,322,60,1,1210,60,60
5.383333,323,57,1,1254,40,40
5.4,324,60,1,1254,60,60
5.416667,325,60,1,1262,26,26
5.433333,326,59,1,1262,54,54
5.45,327,60,1,1262,60,60
5.466667,328,60,1,1282,40,40
5.483333,329,59,1,1282,26,26
5.5,330,61,1,1282,54,54
5.516667,331,60,1,1282,60,60
5.533333,332,60,1,1282,60,60
5.55,333,57,1,1314,19,19
5.566667,334,52,1,1314,43,43
5.583333,335,59,1,1330,59,59
5.6,336,61,1,1330,60,60
5.616667,337,59,1,1330,55,55
5.633333,338,61,1,1366,24,24
5.65,339,51,1,1430,43,43
5.666667,340,58,1,1430,60,60
5.683333,341,62,1,1430,55,55
5.7,342,59,1,1478,49,49
5.716667,343,61,1,1478,33,33
5.733333,344,59,1,1478,46,46
5.75,345,60,1,1486,55,55
5.766667,346,60,1,1486,61,61
5.783333,347,58,1,1550,24,24
5.8,348,49,1,1550,43,43
5.816667,349,60,1,1566,55,55
5.833333,350,58,1,1574,61,61
5.85,351,61,1,1574,29,29
5.866667,352,60,1,1574,38,38
5.883333,353,60,1,1574,61,61
5.9,354,60,1,1602,55,55
5.916667,355,58,1,1626,29,29
5.933333,356,54,1,1626,44,44
5.95,357,60,1,1650,55,55
5.966667,358,59,1,1650,55,55
5.983333,359,61,1,1650,61,61
6,360,59,1,1650,29,29
6.016667,361,58,1,1654,41,41
6.033333,362,57,1,1690,52,52
6.05,363,62,1,1714,61,61
6.066667,364,58,1,1714,60,60
6.083333,365,63,1,1714,61,61
6.1,366,60,1,1714,10,10
6.116667,367,40,1,1714,52,52
6.133333,368,60,1,1714,61,61
6.15,369,58,1,1714,60,60
6.166667,370,60,1,1742,61,61
6.183333,371,57,1,1742,10,10
6.2,372,35,1,1742,34,34
6.216667,373,60,1,1742,34,34
6.233333,374,58,1,1742,33,33
6.25,375,59,1,1742,28,28
6.266667,376,62,1,1742,0,0
6.283333,377,61,1,1742,0,0
6.3,378,60,1,1762,20,20
6.316667,379,58,1,1762,20,20
6.333333,380,62,1,1762,20,20
6.35,381,59,1,1762,0,0
6.366667,382,61,1,1762,0,0
6.383333,383,59,1,1762,0,0
6.4,384,59,1,1762,0,0
6.416667,385,61,1,1762,0,0
6.433333,386,59,1,1762,0,0
6.45,387,61,1,1762,0,0
6.466667,388,57,1,1762,0,0
6.483333,389,62,1,1762,0,0
6.5,390,58,1,1762,0,0
6.516667,391,62,1,1762,0,0
6.533333,392,58,1,1762,0,0
6.55,393,62,1,1762,0,0
6.566667,394,58,1,1762,0,0
6.583333,395,61,1,1762,0,0
6.6,396,59,1,1762,0,0
6.616667,397,58,1,1762,0,0
6.633333,398,62,1,1762,0,0
6.65,399,59,1,1762,0,0
6.666667,400,61,1,1762,0,0
6.683333,401,59,1,1762,0,0
6.7,402,59,1,1762,0,0
6.716667,403,62,1,1762,0,0
6.733333,404,59,1,1762,0,0
6.75,405,60,1,1762,0,0
6.766667,406,58,1,1762,0,0
6.783333,407,62,1,1762,0,0
6.8,408,59,1,1762,0,0
6.816667,409,61,1,1762,0,0
6.833333,410,59,1,1762,0,0
6.85,411,58,1,1762,0,0
6.866667,412,62,1,1762,0,0
6.883333,413,59,1,1762,0,0
6.9,414,61,1,1762,0,0
6.916667,415,59,1,1762,0,0
6.933333,416,59,1,1762,0,0
6.95,417,62,1,1762,0,0
6.966667,418,59,1,1762,0,0
6.983333,419,58,1,1762,0,0
7,420,62,1,1762,0,0
7.016667,421,58,1,1762,0,0
7.033333,422,61,1,1762,0,0
7.05,423,59,1,1762,0,0
7.066667,424,58,1,1762,0,0
7.083333,425,59,1,1762,0,0
7.1,426,62,1,1762,0,0
7.116667,427,61,1,1762,0,0
7.133333,428,59,1,1762,0,0
7.15,429,59,1,1762,0,0
7.166667,430,62,1,1762,0,0
7.183333,431,59,1,1762,0,0
7.2,432,61,1,1762,0,0
7.216667,433,60,1,1762,0,0
7.233333,434,58,1,1762,0,0
7.25,435,62,1,1762,0,0
7.266667,436,59,1,1762,0,0
7.283333,437,61,1,1762,0,0
7.3,438,60,1,1762,0,0
7.316667,439,58,1,1762,0,0
7.333333,440,62,1,1762,0,0
7.35,441,59,1,1762,0,0
7.366667,442,58,1,1762,0,0
7.383333,443,62,1,1762,0,0
7.4,444,59,1,1762,0,0
7.416667,445,61,1,1762,0,0
7.433333,446,59,1,1762,0,0
7.45,447,59,1,1762,0,0
7.466667,448,62,1,1762,0,0
7.483333,449,59,1,1762,0,0
7.5,450,61,1,1762,0,0
7.516667,451,60,1,1762,0,0
7.533333,452,58,1,1762,0,0
7.55,453,62,1,1762,0,0
7.566667,454,59,1,1762,0,0
7.583333,455,58,1,1762,0,0
7.6,456,62,1,1762,0,0
7.616667,457,60,1,1762,0,0
7.633333,458,57,1,1762,0,0
7.65,459,62,1,1762,0,0
7.666667,460,61,1,1762,0,0
7.683333,461,59,1,1762,0,0
7.7,462,59,1,1762,0,0
7.716667,463,62,1,1762,0,0
7.733333,464,59,1,1762,0,0
7.75,465,61,1,1762,0,0
7.766667,466,60,1,1762,0,0
7.783333,467,60,1,1762,0,0
7.8,468,59,1,1762,0,0
7.816667,469,61,1,1762,0,0
7.833333,470,60,1,1762,0,0
7.85,471,58,1,1762,0,0
7.866667,472,59,1,1762,0,0
7.883333,473,62,1,1762,0,0
7.9,474,61,1,1762,0,0
7.916667,475,60,1,1762,0,0
7.933333,476,60,1,1762,0,0
7.95,477,57,1,1762,0,0
7.966667,478,62,1,1762,0,0
7.983333,479,60,1,1762,0,0
8,480,60,1,1762,0,0
8.016666,481,59,1,1762,0,0
8.033334,482,58,1,1762,0,0
8.05,483,62,1,1762,0,0
8.066667,484,58,1,1762,0,0
8.083333,485,62,1,1762,0,0
8.1,486,59,1,1762,0,0
8.116667,487,58,1,1762,0,0
8.133333,488,61,1,1762,0,0
8.15,489,59,1,1762,0,0
8.166667,490,62,1,1762,0,0
8.183333,491,60,1,1762,0,0
8.2,492,60,1,1762,0,0
8.216666,493,59,1,1762,0,0
8.233334,494,61,1,1762,0,0
8.25,495,60,1,1762,0,0
8.266666,496,60,1,1762,0,0
8.283334,497,60,1,1762,0,0
8.3,498,60,1,1762,0,0
8.316667,499,59,1,1762,0,0
8.333333,500,58,1,1762,0,0
8.35,501,62,1,1762,0,0
8.366667,502,59,1,1762,0,0
8.383333,503,61,1,1762,0,0
8.4,504,60,1,1762,0,0
8.416667,505,58,1,1762,0,0
8.433333,506,62,1,1762,0,0
8.45,507,58,1,1762,0,0
8.466666,508,61,1,1762,0,0
8.483334,509,59,1,1762,0,0
8.5,510,60,1,1762,0,0
8.516666,511,60,1,1762,0,0
8.533334,512,59,1,1762,0,0
8.55,513,61,1,1762,0,0
8.566667,514,60,1,1762,0,0
8.583333,515,58,1,1762,0,0
8.6,516,62,1,1762,0,0
8.616667,517,59,1,1762,0,0
8.633333,518,59,1,1762,0,0
8.65,519,62,1,1762,0,0
8.666667,520,59,1,1762,0,0
8.683333,521,61,1,1762,0,0
8.7,522,60,1,1762,0,0
8.716666,523,57,1,1762,0,0
8.733334,524,63,1,1762,0,0
8.75,525,57,1,1762,0,0
8.766666,526,62,1,1762,0,0
8.783334,527,59,1,1762,0,0
8.8,528,62,1,1762,0,0
8.816667,529,58,1,1762,0,0
8.833333,530,59,1,1762,0,0
8.85,531,63,1,1762,0,0
8.866667,532,59,1,1762,0,0
8.883333,533,60,1,1762,0,0
8.9,534,60,1,1762,0,0
8.916667,535,59,1,1762,0,0
8.933333,536,59,1,1762,0,0
8.95,537,62,1,1762,0,0
8.966666,538,59,1,1762,0,0
8.983334,539,61,1,1762,0,0
9,540,60,1,1762,0,0
9.016666,541,59,1,1762,0,0
9.033334,542,59,1,1762,0,0
9.05,543,62,1,1762,0,0
9.066667,544,60,1,1762,0,0
9.083333,545,59,1,1762,0,0
9.1,546,59,1,1762,0,0
9.116667,547,62,1,1762,0,0
9.133333,548,60,1,1762,0,0
9.15,549,59,1,1762,0,0
9.166667,550,58,1,1762,0,0
9.183333,551,62,1,1762,0,0
9.2,552,61,1,1762,0,0
9.216666,553,60,1,1762,0,0
9.233334,554,60,1,1762,0,0
9.25,555,60,1,1762,0,0
9.266666,556,58,1,1762,0,0
9.283334,557,62,1,1762,0,0
9.3,558,59,1,1762,0,0
9.316667,559,58,1,1762,0,0
9.333333,560,62,1,1762,0,0
9.35,561,59,1,1762,0,0
9.366667,562,61,1,1762,0,0
9.383333,563,59,1,1762,0,0
9.4,564,60,1,1762,0,0
9.416667,565,60,1,1762,0,0
9.433333,566,59,1,1762,0,0
9.45,567,61,1,1762,0,0
9.466666,568,59,1,1762,0,0
9.483334,569,58,1,1762,0,0
9.5,570,62,1,1762,0,0
9.516666,571,59,1,1762,0,0
9.533334,572,61,1,1762,0,0
9.55,573,60,1,1762,0,0
9.566667,574,59,1,1762,0,0
9.583333,575,61,1,1762,0,0
9.6,576,59,1,1762,0,0
9.616667,577,58,2,1762,0,0
9.633333,578,62,2,1826,63,63
9.65,579,60,2,1890,63,63
9.666667,580,60,2,1910,63,63
9.683333,581,59,2,1910,63,63
9.7,582,59,2,1882,0,0
9.716666,583,29,2,1914,63,63
9.733334,584,57,2,1974,63,63
9.75,585,62,2,2038,63,63
9.766666,586,60,2,2038,63,63
9.783334,587,60,2,2102,0,0
9.8,588,27,2,2102,62,62
9.816667,589,60,2,2094,62,62
9.833333,590,59,2,2090,62,62
9.85,591,59,2,2090,35,35
9.866667,592,62,2,2090,61,61
9.883333,593,59,2,2090,26,26
9.9,594,53,2,2090,61,61
9.916667,595,60,2,2138,35,35
9.933333,596,60,2,2186,61,61
9.95,597,60,2,2186,26,26
9.966666,598,45,2,2186,61,61
9.983334,599,60,2,2186,35,35
10,600,60,2,2186,61,61
10.01667,601,59,2,2250,60,60
10.03333,602,61,2,2250,27,27
10.05,603,50,2,2250,49,49
10.06667,604,27,2,2250,47,47
10.08333,605,59,2,2266,59,59
10.1,606,60,2,2266,60,60
10.11667,607,60,2,2266,60,60
10.13333,608,60,2,2266,14,14
10.15,609,43,2,2266,47,47
10.16667,610,58,2,2266,58,58
10.18333,611,62,2,2266,60,60
10.2,612,60,2,2266,60,60
10.21667,613,60,2,2266,14,14
10.23333,614,46,2,2290,48,48
10.25,615,60,2,2290,57,57
10.26667,616,60,2,2290,60,60
10.28333,617,59,2,2290,57,57
10.3,618,61,2,2290,17,17
10.31667,619,50,2,2290,49,49
10.33333,620,59,2,2290,57,57
10.35,621,58,2,2326,57,57
10.36667,622,62,2,2386,29,29
10.38333,623,48,2,2386,37,37
10.4,624,60,2,2386,60,60
10.41667,625,60,2,2386,54,54
10.43333,626,60,2,2386,33,33
10.45,627,60,2,2386,37,37
10.46667,628,59,2,2386,56,56
10.48333,629,60,2,2386,54,54
10.5,630,60,2,2386,60,60
10.51667,631,60,2,2386,30,30
10.53333,632,57,2,2386,12,12
10.55,633,60,2,2434,52,52
10.56667,634,58,2,2442,60,60
10.58333,635,62,2,2450,60,60
10.6,636,58,2,2450,60,60
10.61667,637,61,2,2450,8,8
10.63333,638,37,2,2450,8,8
10.65,639,60,2,2450,8,8
10.66667,640,60,2,2450,8,8
10.68333,641,59,2,2450,8,8
10.7,642,61,2,2450,0,0
10.71667,643,56,2,2450,0,0
10.73333,644,62,2,2450,0,0
10.75,645,61,2,2450,0,0
10.76667,646,59,2,2450,0,0
10.78333,647,61,2,2450,0,0
10.8,648,60,2,2450,0,0
10.81667,649,59,2,2450,0,0
10.83333,650,61,2,2450,0,0
10.85,651,59,2,2450,0,0
10.86667,652,59,2,2450,0,0
10.88333,653,62,2,2450,0,0
10.9,654,60,2,2450,0,0
10.91667,655,57,2,2450,0,0
10.93333,656,62,2,2450,0,0
10.95,657,59,2,2450,0,0
10.96667,658,61,2,2450,0,0
10.98333,659,59,2,2450,0,0
11,660,61,2,2450,0,0
11.01667,661,60,2,2450,0,0
11.03333,662,58,2,2450,0,0
11.05,663,59,2,2450,0,0
11.06667,664,62,2,2450,0,0
11.08333,665,61,2,2450,0,0
11.1,666,60,2,2450,0,0
11.11667,667,59,2,2450,0,0
11.13333,668,61,2,2450,0,0
11.15,669,59,2,2450,0,0
11.16667,670,58,2,2450,0,0
11.18333,671,62,2,2450,0,0
11.2,672,59,2,2450,0,0
11.21667,673,60,2,2450,0,0
11.23333,674,61,2,2450,0,0
11.25,675,59,2,2450,0,0
11.26667,676,58,2,2450,0,0
11.28333,677,62,2,2450,0,0
11.3,678,59,2,2450,0,0
11.31667,679,61,2,2450,0,0
11.33333,680,60,2,2450,0,0
11.35,681,58,2,2450,0,0
11.36667,682,62,2,2450,0,0
11.38333,683,59,2,2450,0,0
11.4,684,61,2,2450,0,0
11.41667,685,60,2,2450,0,0
11.43333,686,58,2,2450,0,0
11.45,687,59,2,2450,0,0
11.46667,688,62,2,2450,0,0
11.48333,689,58,2,2450,0,0
11.5,690,62,2,2450,0,0
11.51667,691,57,2,2450,0,0
11.53333,692,62,2,2450,0,0
11.55,693,59,2,2450,0,0
11.56667,694,62,2,2450,0,0
11.58333,695,59,2,2450,0,0
11.6,696,61,2,2450,0,0
11.61667,697,60,2,2450,0,0
11.63333,698,60,2,2450,0,0
11.65,699,60,2,2450,0,0
11.66667,700,58,2,2450,0,0
11.68333,701,62,2,2450,0,0
11.7,702,59,2,2450,0,0
11.71667,703,61,2,2450,0,0
11.73333,704,58,2,2450,0,0
11.75,705,62,2,2450,0,0
11.76667,706,59,2,2450,0,0
11.78333,707,61,2,2450,0,0
11.8,708,59,2,2450,0,0
11.81667,709,60,2,2450,0,0
11.83333,710,59,2,2450,0,0
11.85,711,61,2,2450,0,0
11.86667,712,59,2,2450,0,0
11.88333,713,58,2,2450,0,0
11.9,714,62,2,2450,0,0
11.91667,715,59,2,2450,0,0
11.93333,716,61,2,2450,0,0
11.95,717,60,2,2450,0,0
11.96667,718,58,2,2450,0,0
11.98333,719,62,2,2450,0,0
12,720,59,2,2450,0,0
12.01667,721,58,2,2450,0,0
12.03333,722,62,2,2450,0,0
12.05,723,59,2,2450,0,0
12.06667,724,61,2,2450,0,0
12.08333,725,59,2,2450,0,0
12.1,726,58,2,2450,0,0
12.11667,727,59,2,2450,0,0
12.13333,728,62,2,2450,0,0
12.15,729,61,2,2450,0,0
12.16667,730,59,2,2450,0,0
12.18333,731,61,2,2450,0,0
12.2,732,60,2,2450,0,0
12.21667,733,59,2,2450,0,0
12.23333,734,61,2,2450,0,0
12.25,735,59,2,2450,0,0
12.26667,736,59,2,2450,0,0
12.28333,737,62,2,2450,0,0
12.3,738,59,2,2450,0,0
12.31667,739,58,2,2450,0,0
12.33333,740,62,2,2450,0,0
12.35,741,60,2,2450,0,0
12.36667,742,60,2,2450,0,0
12.38333,743,59,2,2450,0,0
12.4,744,59,2,2450,0,0
12.41667,745,62,2,2450,0,0
12.43333,746,58,2,2450,0,0
12.45,747,61,2,2450,0,0
12.46667,748,59,2,2450,0,0
12.48333,749,58,2,2450,0,0
12.5,750,62,2,2450,0,0
12.51667,751,59,2,2450,0,0
12.53333,752,58,2,2450,0,0
12.55,753,62,2,2450,0,0
12.56667,754,58,2,2450,0,0
12.58333,755,62,2,2450,0,0
12.6,756,59,2,2450,0,0
12.61667,757,61,2,2450,0,0
12.63333,758,59,2,2450,0,0
12.65,759,59,2,2450,0,0
12.66667,760,62,2,2450,0,0
12.68333,761,60,2,2450,0,0
12.7,762,60,2,2450,0,0
12.71667,763,60,2,2450,0,0
12.73333,764,60,2,2450,0,0
12.75,765,59,2,2450,0,0
12.76667,766,61,2,2450,0,0
12.78333,767,60,2,2450,0,0
12.8,768,60,2,2450,0,0
12.81667,769,60,2,2450,0,0
12.83333,770,59,2,2450,0,0
12.85,771,61,2,2450,0,0
12.86667,772,59,2,2450,0,0
12.88333,773,59,2,2450,0,0
12.9,774,62,2,2450,0,0
12.91667,775,59,2,2450,0,0
12.93333,776,58,2,2450,0,0
12.95,777,62,2,2450,0,0
12.96667,778,60,2,2450,0,0
12.98333,779,57,2,2450,0,0
13,780,63,2,2450,0,0
13.01667,781,60,2,2450,0,0
13.03333,782,60,2,2450,0,0
13.05,783,58,2,2450,0,0
13.06667,784,61,2,2450,0,0
13.08333,785,59,2,2450,0,0
13.1,786,61,2,2450,0,0
13.11667,787,60,2,2450,0,0
13.13333,788,59,2,2450,0,0
13.15,789,58,2,2450,0,0
13.16667,790,62,2,2450,0,0
13.18333,791,60,2,2450,0,0
13.2,792,57,2,2450,0,0
13.21667,793,62,2,2450,0,0
13.23333,794,61,2,2450,0,0
13.25,795,60,2,2450,0,0
13.26667,796,59,2,2450,0,0
13.28333,797,61,2,2450,0,0
13.3,798,59,2,2450,0,0
13.31667,799,61,2,2450,0,0
13.33333,800,60,2,2450,0,0
13.35,801,60,2,2450,0,0
13.36667,802,60,2,2450,0,0
13.38333,803,59,2,2450,0,0
13.4,804,59,2,2450,0,0
13.41667,805,62,2,2450,0,0
13.43333,806,59,2,2450,0,0
13.45,807,61,2,2450,0,0
13.46667,808,60,2,2450,0,0
13.48333,809,59,2,2450,0,0
13.5,810,61,2,2450,0,0
13.51667,811,58,2,2450,0,0
13.53333,812,61,2,2450,0,0
13.55,813,60,2,2450,0,0
13.56667,814,60,2,2450,0,0
13.58333,815,60,2,2450,0,0
13.6,816,59,2,2450,0,0
13.61667,817,58,2,2450,0,0
13.63333,818,62,2,2450,0,0
13.65,819,59,2,2450,0,0
13.66667,820,61,2,2450,0,0
13.68333,821,59,2,2450,0,0
13.7,822,59,2,2450,0,0
13.71667,823,62,2,2450,0,0
13.73333,824,59,2,2450,0,0
13.75,825,59,2,2450,0,0
13.76667,826,62,2,2450,0,0
13.78333,827,58,2,2450,0,0
13.8,828,62,2,2450,0,0
13.81667,829,59,2,2450,0,0
13.83333,830,61,2,2450,0,0
13.85,831,60,2,2450,0,0
13.86667,832,58,2,2450,0,0
13.88333,833,61,2,2450,0,0
13.9,834,59,2,2450,0,0
13.91667,835,58,2,2450,0,0
13.93333,836,62,2,2450,0,0
13.95,837,59,2,2450,0,0
13.96667,838,61,2,2450,0,0
13.98333,839,59,2,2450,0,0
14,840,60,2,2450,0,0
14.01667,841,60,2,2450,0,0
14.03333,842,59,2,2450,0,0
14.05,843,61,2,2450,0,0
14.06667,844,60,2,2450,0,0
14.08333,845,58,2,2450,0,0
14.1,846,62,2,2450,0,0
14.11667,847,59,2,2450,0,0
14.13333,848,59,2,2450,0,0
14.15,849,62,2,2450,0,0
14.16667,850,59,2,2450,0,0
14.18333,851,61,2,2450,0,0
14.2,852,59,2,2450,0,0
14.21667,853,61,2,2450,0,0
14.23333,854,60,2,2450,0,0
14.25,855,58,2,2450,0,0
14.26667,856,62,2,2450,0,0
14.28333,857,59,2,2450,0,0
14.3,858,61,2,2450,0,0
14.31667,859,60,2,2450,0,0
14.33333,860,58,2,2450,0,0
14.35,861,61,2,2450,0,0
14.36667,862,61,2,2450,0,0
14.38333,863,60,2,2450,0,0
14.4,864,58,2,2450,0,0
14.41667,865,61,2,2450,0,0
14.43333,866,60,2,2450,0,0
14.45,867,60,2,2450,0,0
14.46667,868,59,2,2450,0,0
14.48333,869,61,2,2450,0,0
14.5,870,60,2,2450,0,0
14.51667,871,58,2,2450,0,0
14.53333,872,62,2,2450,0,0
14.55,873,60,3,2450,0,0
14.56667,874,60,3,2486,36,36
14.58333,875,24,3,2506,56,56
14.6,876,59,3,2526,62,62
14.61667,877,60,3,2526,62,62
14.63333,878,59,3,2590,32,32
14.65,879,52,3,2590,36,36
14.66667,880,60,3,2590,61,61
14.68333,881,60,3,2654,56,56
14.7,882,60,3,2654,32,32
14.71667,883,57,3,2658,37,37
14.73333,884,60,3,2658,61,61
14.75,885,59,3,2658,56,56
14.76667,886,58,3,2658,62,62
14.78333,887,62,3,2658,9,9
14.8,888,51,3,2658,22,22
14.81667,889,60,3,2658,22,22
14.83333,890,60,3,2658,22,22
14.85,891,60,3,2722,62,62
14.86667,892,59,3,2766,40,40
14.88333,893,58,3,2766,62,62
14.9,894,63,3,2786,45,45
14.91667,895,60,3,2850,39,39
14.93333,896,54,3,2850,40,40
14.95,897,59,3,2850,62,62
14.96667,898,61,3,2850,45,45
14.98333,899,60,3,2850,62,62
15,900,58,3,2850,23,23
15.01667,901,47,3,2850,56,56
15.03333,902,59,3,2850,44,44
15.05,903,58,3,2850,51,51
15.06667,904,62,3,2910,30,30
15.08333,905,49,3,2910,50,50
15.1,906,60,3,2938,54,54
15.11667,907,58,3,2938,61,61
15.13333,908,59,3,2938,61,61
15.15,909,63,3,2994,18,18
15.16667,910,35,3,2994,50,50
15.18333,911,60,3,2994,61,61
15.2,912,59,3,2994,54,54
15.21667,913,61,3,2994,31,31
15.23333,914,59,3,2994,29,29
15.25,915,61,3,2994,29,29
15.26667,916,59,3,2994,22,22
15.28333,917,59,3,2994,22,22
15.3,918,61,3,2994,0,0
15.31667,919,59,3,2994,0,0
15.33333,920,61,3,2994,0,0
15.35,921,60,3,2994,0,0
15.36667,922,58,3,3058,61,61
15.38333,923,59,3,3058,61,61
15.4,924,63,3,3122,61,61
15.41667,925,59,3,3122,42,42
15.43333,926,49,3,3122,19,19
15.45,927,35,3,3122,61,61
15.46667,928,59,3,3122,61,61
15.48333,929,61,3,3122,42,42
15.5,930,56,3,3122,30,30
15.51667,931,56,3,3122,6,6
15.53333,932,56,3,3122,6,6
15.55,933,60,3,3122,0,0
15.56667,934,60,3,3122,0,0
15.58333,935,60,3,3122,0,0
15.6,936,60,3,3122,0,0
15.61667,937,60,3,3186,61,61
15.63333,938,57,3,3250,61,61
15.65,939,62,3,3250,61,61
15.66667,940,61,3,3250,61,61
15.68333,941,60,3,3250,0,0
15.7,942,27,3,3250,61,61
15.71667,943,60,3,3250,61,61
15.73333,944,58,3,3250,61,61
15.75,945,61,3,3250,61,61
15.76667,946,58,3,3250,61,61
15.78333,947,62,3,3250,0,0
15.8,948,27,3,3250,6,6
15.81667,949,60,3,3250,6,6
15.83333,950,60,3,3302,58,58
15.85,951,60,3,3302,58,58
15.86667,952,58,3,3342,53,53
15.88333,953,62,3,3390,42,42
15.9,954,47,3,3398,24,24
15.91667,955,45,3,3398,59,59
15.93333,956,58,3,3398,52,52
15.95,957,62,3,3398,42,42
15.96667,958,59,3,3398,32,32
15.98333,959,58,3,3398,37,37
16,960,59,3,3398,37,37
16.01667,961,58,3,3398,13,13
16.03333,962,62,3,3398,0,0
16.05,963,60,3,3398,0,0
16.06667,964,58,3,3398,0,0
16.08333,965,62,3,3398,0,0
16.1,966,60,3,3398,0,0
16.11667,967,60,3,3398,0,0
16.13333,968,59,3,3398,0,0
16.15,969,61,3,3398,0,0
16.16667,970,60,3,3402,4,4
16.18333,971,60,3,3402,4,4
16.2,972,60,3,3402,4,4
16.21667,973,59,3,3402,0,0
16.23333,974,59,3,3402,0,0
16.25,975,62,3,3402,0,0
16.26667,976,60,3,3402,0,0
16.28333,977,60,3,3402,0,0
16.3,978,60,3,3402,0,0
16.31667,979,58,3,3402,0,0
16.33333,980,62,3,3402,0,0
16.35,981,60,3,3402,0,0
16.36667,982,60,3,3402,0,0
16.38333,983,60,3,3402,0,0
16.4,984,60,3,3402,0,0
16.41667,985,58,3,3402,0,0
16.43333,986,61,3,3402,0,0
16.45,987,59,3,3402,0,0
16.46667,988,59,3,3402,0,0
16.48333,989,63,3,3402,0,0
16.5,990,59,3,3402,0,0
16.51667,991,61,3,3402,0,0
16.53333,992,59,3,3402,0,0
16.55,993,62,3,3402,0,0
16.56667,994,60,3,3402,0,0
16.58333,995,59,3,3402,0,0
16.6,996,57,3,3402,0,0
16.61667,997,60,3,3402,0,0
16.63333,998,63,3,3402,0,0
16.65,999,60,3,3402,0,0
16.66667,1000,60,3,3402,0,0
16.68333,1001,60,3,3402,0,0
16.7,1002,59,3,3402,0,0
16.71667,1003,60,3,3402,0,0
16.73333,1004,58,3,3402,0,0
16.75,1005,62,3,3402,0,0
16.76667,1006,61,3,3402,0,0
16.78333,1007,59,3,3402,0,0
16.8,1008,61,3,3402,0,0
16.81667,1009,60,3,3402,0,0
16.83333,1010,59,3,3402,0,0
16.85,1011,61,3,3402,0,0
16.86667,1012,60,3,3402,0,0
16.88333,1013,60,3,3402,0,0
16.9,1014,58,3,3402,0,0
16.91667,1015,59,3,3402,0,0
16.93333,1016,62,3,3402,0,0
16.95,1017,60,3,3402,0,0
16.96667,1018,61,3,3402,0,0
16.98333,1019,60,3,3402,0,0
17,1020,60,3,3402,0,0
17.01667,1021,59,3,3402,0,0
17.03333,1022,61,3,3402,0,0
17.05,1023,60,3,3402,0,0
17.06667,1024,60,3,3402,0,0
17.08333,1025,59,3,3402,0,0
17.1,1026,58,3,3402,0,0
17.11667,1027,63,3,3402,0,0
17.13333,1028,60,3,3402,0,0
17.15,1029,60,3,3402,0,0
17.16667,1030,60,3,3402,0,0
17.18333,1031,59,3,3402,0,0
17.2,1032,61,3,3402,0,0
17.21667,1033,60,3,3402,0,0
17.23333,1034,59,3,3402,0,0
17.25,1035,61,3,3402,0,0
17.26667,1036,60,3,3402,0,0
17.28333,1037,59,3,3402,0,0
17.3,1038,62,3,3402,0,0
17.31667,1039,59,3,3402,0,0
17.33333,1040,61,3,3402,0,0
17.35,1041,60,3,3402,0,0
17.36667,1042,60,3,3402,0,0
17.38333,1043,59,3,3402,0,0
17.4,1044,57,3,3402,0,0
17.41667,1045,61,3,3402,0,0
17.43333,1046,61,3,3402,0,0
17.45,1047,61,3,3402,0,0
17.46667,1048,60,3,3402,0,0
17.48333,1049,59,3,3402,0,0
17.5,1050,61,3,3402,0,0
17.51667,1051,59,3,3402,0,0
17.53333,1052,61,3,3402,0,0
17.55,1053,59,3,3402,0,0
17.56667,1054,61,3,3402,0,0
17.58333,1055,58,3,3402,0,0
17.6,1056,62,3,3402,0,0
17.61667,1057,58,3,3402,0,0
17.63333,1058,62,3,3402,0,0
17.65,1059,60,3,3402,0,0
17.66667,1060,58,3,3402,0,0
17.68333,1061,61,3,3402,0,0
17.7,1062,60,3,3402,0,0
17.71667,1063,59,3,3402,0,0
17.73333,1064,61,3,3402,0,0
17.75,1065,56,3,3402,0,0
17.76667,1066,64,3,3402,0,0
17.78333,1067,60,3,3402,0,0
17.8,1068,56,3,3402,0,0
17.81667,1069,62,3,3402,0,0
17.83333,1070,62,3,3402,0,0
17.85,1071,58,3,3402,0,0
17.86667,1072,62,3,3402,0,0
17.88333,1073,60,3,3402,0,0
17.9,1074,60,3,3402,0,0
17.91667,1075,60,3,3402,0,0
17.93333,1076,60,3,3402,0,0
17.95,1077,57,3,3402,0,0
17.96667,1078,63,3,3402,0,0
17.98333,1079,59,3,3402,0,0
18,1080,61,3,3402,0,0
18.01667,1081,60,3,3402,0,0
18.03333,1082,59,3,3402,0,0
18.05,1083,61,3,3402,0,0
18.06667,1084,59,3,3402,0,0
18.08333,1085,61,3,3402,0,0
18.1,1086,56,3,3402,0,0
18.11667,1087,64,3,3402,0,0
18.13333,1088,59,3,3402,0,0
18.15,1089,61,3,3402,0,0
18.16667,1090,60,3,3402,0,0
18.18333,1091,58,3,3402,0,0
18.2,1092,62,3,3402,0,0
18.21667,1093,60,3,3402,0,0
18.23333,1094,60,3,3402,0,0
18.25,1095,58,3,3402,0,0
18.26667,1096,62,3,3402,0,0
18.28333,1097,60,3,3402,0,0
18.3,1098,60,3,3402,0,0
18.31667,1099,59,3,3402,0,0
18.33333,1100,60,3,3402,0,0
18.35,1101,60,3,3402,0,0
18.36667,1102,59,3,3402,0,0
18.38333,1103,60,3,3402,0,0
18.4,1104,61,3,3402,0,0
18.41667,1105,59,3,3402,0,0
18.43333,1106,59,3,3402,0,0
18.45,1107,60,3,3402,0,0
18.46667,1108,61,3,3402,0,0
18.48333,1109,57,3,3402,0,0
18.5,1110,62,3,3402,0,0
18.51667,1111,61,3,3402,0,0
18.53333,1112,59,3,3402,0,0
18.55,1113,58,3,3402,0,0
18.56667,1114,62,3,3402,0,0
18.58333,1115,61,3,3402,0,0
18.6,1116,57,3,3402,0,0
18.61667,1117,62,3,3402,0,0
18.63333,1118,60,3,3402,0,0
18.65,1119,58,3,3402,0,0
18.66667,1120,62,3,3402,0,0
18.68333,1121,59,3,3402,0,0
18.7,1122,61,3,3402,0,0
18.71667,1123,56,3,3402,0,0
18.73333,1124,61,3,3402,0,0
18.75,1125,62,3,3402,0,0
18.76667,1126,59,3,3402,0,0
18.78333,1127,61,3,3402,0,0
18.8,1128,57,3,3402,0,0
18.81667,1129,63,3,3402,0,0
18.83333,1130,61,3,3402,0,0
18.85,1131,60,3,3402,0,0
18.86667,1132,60,3,3402,0,0
18.88333,1133,58,3,3402,0,0
18.9,1134,62,3,3402,0,0
18.91667,1135,56,3,3402,0,0
18.93333,1136,64,3,3402,0,0
18.95,1137,58,3,3402,0,0
18.96667,1138,60,3,3402,0,0
18.98333,1139,61,3,3402,0,0
19,1140,60,3,3402,0,0
19.01667,1141,60,3,3402,0,0
19.03333,1142,60,3,3402,0,0
19.05,1143,60,3,3402,0,0
19.06667,1144,60,3,3402,0,0
19.08333,1145,60,3,3402,0,0
19.1,1146,60,3,3402,0,0
19.11667,1147,60,3,3402,0,0
19.13333,1148,59,3,3402,0,0
19.15,1149,59,3,3402,0,0
19.16667,1150,61,3,3402,0,0
19.18333,1151,60,3,3402,0,0
19.2,1152,60,3,3402,0,0
19.21667,1153,60,3,3402,0,0
19.23333,1154,58,3,3402,0,0
19.25,1155,62,3,3402,0,0
19.26667,1156,58,3,3402,0,0
19.28333,1157,62,3,3402,0,0
19.3,1158,59,3,3402,0,0
19.31667,1159,61,3,3402,0,0
19.33333,1160,59,3,3402,0,0
19.35,1161,61,3,3402,0,0
19.36667,1162,59,3,3402,0,0
19.38333,1163,60,3,3402,0,0
19.4,1164,59,3,3402,0,0
19.41667,1165,60,3,3402,0,0
19.43333,1166,57,3,3402,0,0
19.45,1167,63,4,3402,0,0
19.46667,1168,60,4,3318,0,0
19.48333,1169,9,4,3366,63,63
19.5,1170,60,4,3346,63,63
19.51667,1171,59,4,3346,63,63
19.53333,1172,61,4,3406,63,63
19.55,1173,59,4,3466,47,47
19.56667,1174,59,4,3526,11,11
19.58333,1175,46,4,3490,58,58
19.6,1176,60,4,3130,58,58
19.61667,1177,43,4,3130,47,47
19.63333,1178,59,4,3130,19,19
19.65,1179,59,4,3130,50,50
19.66667,1180,61,4,3130,58,58
19.68333,1181,60,4,3130,47,47
19.7,1182,61,4,3130,19,19
19.71667,1183,60,4,3130,50,50
19.73333,1184,60,4,3134,47,47
19.75,1185,59,4,3134,58,58
19.76667,1186,59,4,3134,58,58
19.78333,1187,61,4,3166,0,0
19.8,1188,50,4,3170,52,52
19.81667,1189,60,4,3230,58,58
19.83333,1190,60,4,3274,59,59
19.85,1191,59,4,3186,19,19
19.86667,1192,53,4,3246,41,41
19.88333,1193,60,4,3262,58,58
19.9,1194,58,4,3262,59,59
19.91667,1195,61,4,3262,35,35
19.93333,1196,58,4,3262,25,25
19.95,1197,62,4,3262,58,58
19.96667,1198,59,4,3262,58,58
19.98333,1199,61,4,3262,59,59
20,1200,60,4,3262,1,1
20.01667,1201,60,4,3262,58,58
20.03333,1202,57,4,3262,59,59
20.05,1203,62,4,3262,59,59
20.06667,1204,60,4,3262,15,15
20.08333,1205,59,4,3262,26,26
20.1,1206,61,4,3286,35,35
20.11667,1207,60,4,3262,35,35
20.13333,1208,60,4,3274,49,49
20.15,1209,60,4,3322,36,36
20.16667,1210,60,4,3382,60,60
20.18333,1211,58,4,3382,60,60
20.2,1212,61,4,3382,14,14
20.21667,1213,59,4,3382,46,46
20.23333,1214,62,4,3382,60,60
20.25,1215,58,4,3382,60,60
20.26667,1216,61,4,3382,17,17
20.28333,1217,61,4,3382,41,41
20.3,1218,59,4,3382,24,24
20.31667,1219,61,4,3382,24,24
20.33333,1220,60,4,3382,0,0
20.35,1221,60,4,3382,0,0
20.36667,1222,59,4,3382,0,0
20.38333,1223,60,4,3382,0,0
20.4,1224,61,4,3362,0,0
20.41667,1225,60,4,3354,0,0
20.43333,1226,60,4,3390,36,36
20.45,1227,59,4,3454,61,61
20.46667,1228,61,4,3454,61,61
20.48333,1229,59,4,3454,61,61
20.5,1230,61,4,3454,0,0
20.51667,1231,57,4,3454,39,39
20.53333,1232,59,4,3454,39,39
20.55,1233,60,4,3454,39,39
20.56667,1234,60,4,3454,24,24
20.58333,1235,60,4,3454,24,24
20.6,1236,57,4,3454,0,0
20.61667,1237,63,4,3454,0,0
20.63333,1238,60,4,3454,0,0
20.65,1239,60,4,3454,0,0
20.66667,1240,56,4,3446,0,0
20.68333,1241,64,4,3446,0,0
20.7,1242,58,4,3446,0,0
20.71667,1243,60,4,3446,0,0
20.73333,1244,61,4,3510,61,61
20.75,1245,60,4,3574,61,61
20.76667,1246,60,4,3574,61,61
20.78333,1247,57,4,3574,12,12
20.8,1248,57,4,3574,49,49
20.81667,1249,60,4,3574,61,61
20.83333,1250,57,4,3574,61,61
20.85,1251,62,4,3574,25,25
20.86667,1252,61,4,3574,6,6
20.88333,1253,60,4,3574,6,6
20.9,1254,60,4,3574,6,6
20.91667,1255,58,4,3574,0,0
20.93333,1256,61,4,3574,0,0
20.95,1257,61,4,3574,0,0
20.96667,1258,60,4,3574,0,0
20.98333,1259,60,4,3574,0,0
21,1260,60,4,3574,0,0
21.01667,1261,60,4,3626,52,52
21.03333,1262,60,4,3690,62,62
21.05,1263,57,4,3754,62,62
21.06667,1264,62,4,3754,62,62
21.08333,1265,61,4,3754,6,6
21.1,1266,38,4,3754,56,56
21.11667,1267,60,4,3754,61,61
21.13333,1268,60,4,3754,61,61
21.15,1269,58,4,3754,27,27
21.16667,1270,47,4,3754,36,36
21.18333,1271,60,4,3754,57,57
21.2,1272,57,4,3754,57,57
21.21667,1273,62,4,3754,45,45
21.23333,1274,59,4,3754,45,45
21.25,1275,62,4,3754,0,0
21.26667,1276,45,4,3754,0,0
21.28333,1277,60,4,3754,0,0
21.3,1278,59,4,3754,0,0
21.31667,1279,61,4,3782,28,28
21.33333,1280,59,4,3846,61,61
21.35,1281,60,4,3866,61,61
21.36667,1282,60,4,3866,61,61
21.38333,1283,60,4,3866,2,2
21.4,1284,49,4,3866,51,51
21.41667,1285,60,4,3866,51,51
21.43333,1286,60,4,3866,51,51
21.45,1287,60,4,3866,34,34
21.46667,1288,58,4,3866,0,0
21.48333,1289,62,4,3866,0,0
21.5,1290,58,4,3866,0,0
21.51667,1291,61,4,3866,0,0
21.53333,1292,60,4,3866,0,0
21.55,1293,59,4,3866,0,0
21.56667,1294,61,4,3866,0,0
21.58333,1295,59,4,3866,0,0
21.6,1296,59,4,3866,0,0
21.61667,1297,61,4,3866,0,0
21.63333,1298,60,4,3866,0,0
21.65,1299,60,4,3930,61,61
21.66667,1300,60,4,3930,61,61
21.68333,1301,60,4,3994,61,61
21.7,1302,60,4,3994,20,20
21.71667,1303,52,4,3994,43,43
21.73333,1304,57,4,3994,61,61
21.75,1305,63,4,3994,60,60
21.76667,1306,60,4,3994,38,38
21.78333,1307,59,4,3994,43,43
21.8,1308,60,4,3994,6,6
21.81667,1309,58,4,3994,5,5
21.83333,1310,60,4,3994,0,0
21.85,1311,59,4,3994,0,0
21.86667,1312,62,4,3994,0,0
21.88333,1313,59,4,3994,0,0
21.9,1314,61,4,3994,0,0
21.91667,1315,58,4,3994,0,0
21.93333,1316,61,4,3994,0,0
21.95,1317,60,4,3994,0,0
21.96667,1318,59,4,4058,62,62
21.98333,1319,61,4,4058,62,62
22,1320,58,4,4122,62,62
22.01667,1321,54,4,4122,20,20
22.03333,1322,43,4,4122,42,42
22.05,1323,59,4,4122,61,61
22.06667,1324,60,4,4122,61,61
22.08333,1325,61,4,4122,35,35
22.1,1326,60,4,4122,24,24
22.11667,1327,60,4,4122,24,24
22.13333,1328,60,4,4122,5,5
22.15,1329,60,4,4122,0,0
22.16667,1330,60,4,4122,0,0
22.18333,1331,60,4,4122,0,0
22.2,1332,59,4,4122,0,0
22.21667,1333,61,4,4122,0,0
22.23333,1334,60,4,4122,0,0
22.25,1335,60,4,4122,0,0
22.26667,1336,60,4,4122,0,0
22.28333,1337,59,4,4122,0,0
22.3,1338,61,4,4130,8,8
22.31667,1339,60,4,4130,8,8
22.33333,1340,59,4,4194,62,62
22.35,1341,61,4,4206,54,54
22.36667,1342,59,4,4206,62,62
22.38333,1343,60,4,4206,33,33
22.4,1344,56,4,4206,22,22
22.41667,1345,59,4,4206,22,22
22.43333,1346,61,4,4206,14,14
22.45,1347,60,4,4206,9,9
22.46667,1348,60,4,4206,0,0
22.48333,1349,60,4,4206,0,0
22.5,1350,60,4,4206,0,0
22.51667,1351,60,4,4206,0,0
22.53333,1352,60,4,4206,0,0
22.55,1353,59,4,4206,0,0
22.56667,1354,59,4,4206,0,0
22.58333,1355,58,4,4206,0,0
22.6,1356,63,4,4206,0,0
22.61667,1357,59,4,4206,0,0
22.63333,1358,61,4,4206,0,0
22.65,1359,60,4,4206,0,0
22.66667,1360,60,4,4270,62,62
22.68333,1361,60,4,4270,62,62
22.7,1362,60,4,4270,62,62
22.71667,1363,60,4,4270,20,20
22.73333,1364,49,4,4270,2,2
22.75,1365,60,4,4270,2,2
22.76667,1366,60,4,4270,2,2
22.78333,1367,58,4,4270,2,2
22.8,1368,61,4,4270,0,0
22.81667,1369,59,4,4270,0,0
22.83333,1370,62,4,4270,0,0
22.85,1371,60,4,4270,0,0
22.86667,1372,60,4,4270,0,0
22.88333,1373,60,4,4270,0,0
22.9,1374,59,4,4270,0,0
22.91667,1375,61,4,4270,0,0
22.93333,1376,60,4,4270,0,0
22.95,1377,60,4,4270,0,0
22.96667,1378,60,4,4270,0,0
22.98333,1379,59,4,4270,0,0
23,1380,61,4,4334,62,62
23.01667,1381,60,4,4334,62,62
23.03333,1382,60,4,4334,62,62
23.05,1383,60,4,4334,25,25
23.06667,1384,52,4,4334,2,2
23.08333,1385,58,4,4334,2,2
23.1,1386,62,4,4334,2,2
23.11667,1387,59,4,4334,2,2
23.13333,1388,61,4,4334,0,0
23.15,1389,58,4,4334,0,0
23.16667,1390,62,4,4334,0,0
23.18333,1391,60,4,4334,0,0
23.2,1392,60,4,4334,0,0
23.21667,1393,60,4,4334,0,0
23.23333,1394,59,4,4334,0,0
23.25,1395,60,4,4334,0,0
23.26667,1396,60,4,4334,0,0
23.28333,1397,60,4,4334,0,0
23.3,1398,60,4,4334,0,0
23.31667,1399,60,4,4334,0,0
23.33333,1400,60,4,4334,0,0
23.35,1401,59,4,4354,20,20
23.36667,1402,58,4,4394,60,60
23.38333,1403,62,4,4394,60,60
23.4,1404,59,4,4394,40,40
23.41667,1405,61,4,4394,40,40
23.43333,1406,60,4,4394,0,0
23.45,1407,60,4,4394,0,0
23.46667,1408,59,4,4394,0,0
23.48333,1409,61,4,4394,0,0
23.5,1410,60,4,4394,0,0
23.51667,1411,60,4,4394,0,0
23.53333,1412,60,4,4394,0,0
23.55,1413,60,4,4394,0,0
23.56667,1414,59,4,4394,0,0
23.58333,1415,61,4,4394,0,0
23.6,1416,60,4,4394,0,0
23.61667,1417,60,4,4394,0,0
23.63333,1418,60,4,4394,0,0
23.65,1419,60,4,4394,0,0
23.66667,1420,60,4,4394,0,0
23.68333,1421,60,4,4394,0,0
23.7,1422,59,4,4394,0,0
23.71667,1423,61,4,4394,0,0
23.73333,1424,60,4,4394,0,0
23.75,1425,60,4,4394,0,0
23.76667,1426,60,4,4394,0,0
23.78333,1427,60,4,4394,0,0
23.8,1428,60,4,4394,0,0
23.81667,1429,60,4,4394,0,0
23.83333,1430,59,4,4394,0,0
23.85,1431,60,4,4394,0,0
23.86667,1432,61,4,4394,0,0
23.88333,1433,59,4,4394,0,0
23.9,1434,61,4,4394,0,0
23.91667,1435,60,4,4394,0,0
23.93333,1436,60,4,4394,0,0
23.95,1437,60,4,4394,0,0
23.96667,1438,60,4,4394,0,0
23.98333,1439,60,4,4394,0,0
24,1440,60,4,4394,0,0
24.01667,1441,60,4,4394,0,0
24.03333,1442,60,4,4394,0,0
24.05,1443,60,4,4394,0,0
24.06667,1444,59,4,4394,0,0
24.08333,1445,61,4,4394,0,0
24.1,1446,60,4,4394,0,0
24.11667,1447,60,4,4394,0,0
24.13333,1448,60,4,4394,0,0
24.15,1449,60,4,4394,0,0
24.16667,1450,59,4,4394,0,0
24.18333,1451,61,4,4394,0,0
24.2,1452,60,4,4394,0,0
24.21667,1453,60,4,4394,0,0
24.23333,1454,60,4,4394,0,0
24.25,1455,59,4,4394,0,0
24.26667,1456,61,4,4394,0,0
24.28333,1457,59,4,4394,0,0
24.3,1458,60,4,4394,0,0
24.31667,1459,61,4,4394,0,0
24.33333,1460,59,5,4394,0,0
24.35,1461,61,5,4434,40,40
24.36667,1462,43,5,4362,63,63
24.38333,1463,60,5,4014,63,63
24.4,1464,34,5,4014,63,63
24.41667,1465,60,5,4014,44,44
24.43333,1466,60,5,4014,18,18
24.45,1467,57,5,4018,45,45
24.46667,1468,59,5,4026,57,57
24.48333,1469,61,5,4026,57,57
24.5,1470,60,5,4026,39,39
24.51667,1471,60,5,4026,12,12
24.53333,1472,60,5,4026,0,0
24.55,1473,60,5,4050,24,24
24.56667,1474,60,5,4098,62,62
24.58333,1475,60,5,4098,62,62
24.6,1476,60,5,4066,41,41
24.61667,1477,60,5,4114,45,45
24.63333,1478,60,5,4178,38,38
24.65,1479,60,5,4178,62,62
24.66667,1480,58,5,4098,41,41
24.68333,1481,58,5,4098,62,62
24.7,1482,60,5,4042,21,21
24.71667,1483,54,5,4042,62,62
24.73333,1484,58,5,4042,41,41
24.75,1485,62,5,4042,43,43
24.76667,1486,60,5,4042,17,17
24.78333,1487,60,5,4042,17,17
24.8,1488,59,5,4042,0,0
24.81667,1489,61,5,4042,0,0
24.83333,1490,60,5,4042,0,0
24.85,1491,60,5,4042,0,0
24.86667,1492,58,5,4042,0,0
24.88333,1493,62,5,4042,0,0
24.9,1494,60,5,4042,0,0
24.91667,1495,60,5,4038,0,0
24.93333,1496,60,5,4038,0,0
24.95,1497,59,5,4042,4,4
24.96667,1498,60,5,4058,20,20
24.98333,1499,60,5,4058,20,20
25,1500,58,5,3998,16,16
25.01667,1501,62,5,4002,4,4
25.03333,1502,59,5,4014,16,16
25.05,1503,61,5,4014,16,16
25.06667,1504,60,5,4014,12,12
25.08333,1505,60,5,4014,12,12
25.1,1506,60,5,4014,0,0
25.11667,1507,60,5,4014,0,0
25.13333,1508,59,5,4014,0,0
25.15,1509,59,5,4014,0,0
25.16667,1510,62,5,4014,0,0
25.18333,1511,60,5,4014,0,0
25.2,1512,60,5,4014,0,0
25.21667,1513,60,5,4014,0,0
25.23333,1514,58,5,4014,0,0
25.25,1515,62,5,4014,0,0
25.26667,1516,58,5,4014,0,0
25.28333,1517,62,5,4014,0,0
25.3,1518,58,5,4014,0,0
25.31667,1519,63,5,3998,0,0
25.33333,1520,60,5,3998,0,0
25.35,1521,57,5,3998,0,0
25.36667,1522,63,5,3998,0,0
25.38333,1523,60,5,3998,0,0
25.4,1524,59,5,3998,0,0
25.41667,1525,60,5,3998,0,0
25.43333,1526,58,5,3998,0,0
25.45,1527,62,5,3998,0,0
25.46667,1528,60,5,3998,0,0
25.48333,1529,60,5,3998,0,0
25.5,1530,60,5,3998,0,0
25.51667,1531,60,5,3998,0,0
25.53333,1532,59,5,3998,0,0
25.55,1533,59,5,3998,0,0
25.56667,1534,62,5,3998,0,0
25.58333,1535,60,5,3998,0,0
25.6,1536,58,5,3998,0,0
25.61667,1537,61,5,3998,0,0
25.63333,1538,60,5,3998,0,0
25.65,1539,60,5,3998,0,0
25.66667,1540,60,5,3998,0,0
25.68333,1541,60,5,3998,0,0
25.7,1542,59,5,3998,0,0
25.71667,1543,58,5,3998,0,0
25.73333,1544,61,5,3998,0,0
25.75,1545,61,5,3998,0,0
25.76667,1546,59,5,3998,0,0
25.78333,1547,62,5,3998,0,0
25.8,1548,57,5,3998,0,0
25.81667,1549,62,5,3998,0,0
25.83333,1550,58,5,3998,0,0
25.85,1551,62,5,3998,0,0
25.86667,1552,59,5,3998,0,0
25.88333,1553,60,5,3998,0,0
25.9,1554,58,5,3998,0,0
25.91667,1555,63,5,3998,0,0
25.93333,1556,59,5,3998,0,0
25.95,1557,59,5,3998,0,0
25.96667,1558,61,5,3998,0,0
25.98333,1559,58,5,3998,0,0
26,1560,61,5,3998,0,0
26.01667,1561,62,5,3998,0,0
26.03333,1562,60,5,3998,0,0
26.05,1563,60,5,3998,0,0
26.06667,1564,59,5,3998,0,0
26.08333,1565,61,5,3998,0,0
26.1,1566,58,5,3998,0,0
26.11667,1567,62,5,3998,0,0
26.13333,1568,60,5,3998,0,0
26.15,1569,60,5,3998,0,0
26.16667,1570,58,5,3998,0,0
26.18333,1571,61,5,3998,0,0
26.2,1572,60,5,3998,0,0
26.21667,1573,58,5,3998,0,0
26.23333,1574,60,5,3998,0,0
26.25,1575,60,5,3998,0,0
26.26667,1576,59,5,3998,0,0
26.28333,1577,62,5,3998,0,0
26.3,1578,59,5,3998,0,0
26.31667,1579,61,5,3998,0,0
26.33333,1580,60,5,3998,0,0
26.35,1581,60,5,3998,0,0
26.36667,1582,60,5,3998,0,0
26.38333,1583,59,5,3998,0,0
26.4,1584,59,5,3998,0,0
26.41667,1585,58,5,3998,0,0
26.43333,1586,61,5,3998,0,0
26.45,1587,61,5,3998,0,0
26.46667,1588,61,5,3998,0,0
26.48333,1589,60,5,3998,0,0
26.5,1590,58,5,3998,0,0
26.51667,1591,62,5,3998,0,0
26.53333,1592,60,5,3998,0,0
26.55,1593,60,5,3998,0,0
26.56667,1594,60,5,3998,0,0
26.58333,1595,57,5,3998,0,0
26.6,1596,63,5,3998,0,0
26.61667,1597,58,5,3998,0,0
26.63333,1598,62,5,3998,0,0
26.65,1599,60,5,3998,0,0
26.66667,1600,59,5,3998,0,0
26.68333,1601,61,5,3998,0,0
26.7,1602,60,5,3998,0,0
26.71667,1603,60,5,3998,0,0
26.73333,1604,60,5,3998,0,0
26.75,1605,60,5,3998,0,0
26.76667,1606,60,5,3998,0,0
26.78333,1607,60,5,3998,0,0
26.8,1608,60,5,3998,0,0
26.81667,1609,60,5,3998,0,0
26.83333,1610,59,5,3998,0,0
26.85,1611,61,5,3998,0,0
26.86667,1612,60,5,3998,0,0
26.88333,1613,60,5,3998,0,0
26.9,1614,60,5,3998,0,0
26.91667,1615,59,5,3998,0,0
26.93333,1616,58,5,3998,0,0
26.95,1617,62,5,3998,0,0
26.96667,1618,58,5,3998,0,0
26.98333,1619,62,5,3998,0,0
27,1620,59,5,3998,0,0
27.01667,1621,58,5,3998,0,0
27.03333,1622,63,5,3998,0,0
27.05,1623,58,5,3998,0,0
27.06667,1624,62,5,3998,0,0
27.08333,1625,60,5,3998,0,0
27.1,1626,60,5,3998,0,0
27.11667,1627,60,5,3998,0,0
27.13333,1628,60,5,3998,0,0
27.15,1629,57,5,3998,0,0
27.16667,1630,62,5,3998,0,0
27.18333,1631,61,5,3998,0,0
27.2,1632,58,5,3998,0,0
27.21667,1633,62,5,3998,0,0
27.23333,1634,60,5,3998,0,0
27.25,1635,60,5,3998,0,0
27.26667,1636,60,5,3998,0,0
27.28333,1637,60,5,3998,0,0
27.3,1638,59,5,3998,0,0
27.31667,1639,59,5,3998,0,0
27.33333,1640,61,5,3998,0,0
27.35,1641,58,5,3998,0,0
27.36667,1642,61,5,3998,0,0
27.38333,1643,60,5,3998,0,0
27.4,1644,59,5,3998,0,0
27.41667,1645,61,5,3998,0,0
27.43333,1646,59,5,3998,0,0
27.45,1647,61,5,3998,0,0
27.46667,1648,58,5,3998,0,0
27.48333,1649,62,5,3998,0,0
27.5,1650,60,5,3998,0,0
27.51667,1651,60,5,3998,0,0
27.53333,1652,60,5,3998,0,0
27.55,1653,60,5,3998,0,0
27.56667,1654,60,5,3998,0,0
27.58333,1655,60,5,3998,0,0
27.6,1656,58,5,3998,0,0
27.61667,1657,61,5,3998,0,0
27.63333,1658,61,5,3998,0,0
27.65,1659,59,5,3998,0,0
27.66667,1660,58,5,3998,0,0
27.68333,1661,63,5,3998,0,0
27.7,1662,58,5,3998,0,0
27.71667,1663,62,5,3998,0,0
27.73333,1664,58,5,3998,0,0
27.75,1665,61,5,3998,0,0
27.76667,1666,58,5,3998,0,0
27.78333,1667,63,5,3998,0,0
27.8,1668,58,5,3998,0,0
27.81667,1669,61,5,3998,0,0
27.83333,1670,58,5,3998,0,0
27.85,1671,61,5,3998,0,0
27.86667,1672,60,5,3998,0,0
27.88333,1673,61,5,3998,0,0
27.9,1674,59,5,3998,0,0
27.91667,1675,60,5,3998,0,0
27.93333,1676,61,5,3998,0,0
27.95,1677,60,5,3998,0,0
27.96667,1678,57,5,3998,0,0
27.98333,1679,62,5,3998,0,0
28,1680,62,5,3998,0,0
28.01667,1681,60,5,3998,0,0
28.03333,1682,59,5,3998,0,0
28.05,1683,59,5,3998,0,0
28.06667,1684,61,5,3998,0,0
28.08333,1685,58,5,3998,0,0
28.1,1686,62,5,3998,0,0
28.11667,1687,59,5,3998,0,0
28.13333,1688,61,5,3998,0,0
28.15,1689,60,5,3998,0,0
28.16667,1690,60,5,3998,0,0
28.18333,1691,60,5,3998,0,0
28.2,1692,60,5,3998,0,0
28.21667,1693,59,5,3998,0,0
28.23333,1694,60,5,3998,0,0
28.25,1695,57,5,3998,0,0
28.26667,1696,61,5,3998,0,0
28.28333,1697,62,5,3998,0,0
28.3,1698,60,5,3998,0,0
28.31667,1699,60,5,3998,0,0
28.33333,1700,58,5,3998,0,0
28.35,1701,61,5,3998,0,0
28.36667,1702,59,5,3998,0,0
28.38333,1703,60,5,3998,0,0
28.4,1704,60,5,3998,0,0
28.41667,1705,59,5,3998,0,0
28.43333,1706,58,5,3998,0,0
28.45,1707,62,5,3998,0,0
28.46667,1708,58,5,3998,0,0
28.48333,1709,63,5,3998,0,0
28.5,1710,58,5,3998,0,0
28.51667,1711,61,5,3998,0,0
28.53333,1712,60,5,3998,0,0
28.55,1713,60,5,3998,0,0
28.56667,1714,59,5,3998,0,0
28.58333,1715,58,5,3998,0,0
28.6,1716,62,5,3998,0,0
28.61667,1717,57,5,3998,0,0
28.63333,1718,62,5,3998,0,0
28.65,1719,61,5,3998,0,0
28.66667,1720,60,5,3998,0,0
28.68333,1721,59,5,3998,0,0
28.7,1722,58,5,3998,0,0
28.71667,1723,63,5,3998,0,0
28.73333,1724,58,5,3998,0,0
28.75,1725,61,5,3998,0,0
28.76667,1726,60,5,3998,0,0
28.78333,1727,57,5,3998,0,0
28.8,1728,62,5,3998,0,0
28.81667,1729,60,5,3998,0,0
28.83333,1730,60,5,3998,0,0
28.85,1731,60,5,3998,0,0
28.86667,1732,60,5,3998,0,0
28.88333,1733,58,5,3998,0,0
28.9,1734,59,5,3998,0,0
28.91667,1735,62,5,3998,0,0
28.93333,1736,60,5,3998,0,0
28.95,1737,60,5,3998,0,0
28.96667,1738,59,5,3998,0,0
28.98333,1739,61,5,3998,0,0
29,1740,60,5,3998,0,0
29.01667,1741,60,5,3998,0,0
29.03333,1742,60,5,3998,0,0
29.05,1743,58,5,3998,0,0
29.06667,1744,62,5,3998,0,0
29.08333,1745,60,5,3998,0,0
29.1,1746,59,5,3998,0,0
29.11667,1747,59,5,3998,0,0
29.13333,1748,61,5,3998,0,0
29.15,1749,59,5,3998,0,0
29.16667,1750,59,5,3998,0,0
29.18333,1751,61,5,3998,0,0
29.2,1752,59,5,3998,0,0
29.21667,1753,61,5,3998,0,0
29.23333,1754,58,5,3998,0,0
29.25,1755,62,5,3998,0,0
29.26667,1756,60,5,3998,0,0
29.28333,1757,60,5,3998,0,0
29.3,1758,60,5,3998,0,0
29.31667,1759,60,5,3998,0,0
29.33333,1760,60,6,3998,0,0
29.35,1761,60,6,3998,0,0
29.36667,1762,60,6,3990,0,0
29.38333,1763,59,6,4014,24,24
29.4,1764,61,6,3926,24,24
29.41667,1765,59,6,3666,63,63
29.43333,1766,43,6,3630,39,39
29.45,1767,59,6,3630,63,63
29.46667,1768,58,6,3634,61,61
29.48333,1769,62,6,3634,63,63
29.5,1770,61,6,3642,2,2
29.51667,1771,59,6,3650,19,19
29.53333,1772,58,6,3650,19,19
29.55,1773,62,6,3650,19,19
29.56667,1774,60,6,3654,4,4
29.58333,1775,60,6,3654,4,4
29.6,1776,59,6,3662,12,12
29.61667,1777,62,6,3726,59,59
29.63333,1778,58,6,3790,63,63
29.65,1779,61,6,3790,55,55
29.66667,1780,60,6,3790,63,63
29.68333,1781,59,6,3790,8,8
29.7,1782,59,6,3722,55,55
29.71667,1783,62,6,3726,63,63
29.73333,1784,58,6,3726,63,63
29.75,1785,63,6,3726,23,23
29.76667,1786,59,6,3726,63,63
29.78333,1787,61,6,3726,40,40
29.8,1788,60,6,3726,45,45
29.81667,1789,59,6,3726,6,6
29.83333,1790,61,6,3726,6,6
29.85,1791,60,6,3726,0,0
29.86667,1792,58,6,3726,0,0
29.88333,1793,62,6,3726,0,0
29.9,1794,58,6,3726,0,0
29.91667,1795,62,6,3790,63,63
29.93333,1796,60,6,3790,63,63
29.95,1797,60,6,3790,63,63
29.96667,1798,60,6,3790,63,63
29.98333,1799,59,6,3778,0,0
30,1800,61,6,3746,1,1
30.01667,1801,59,6,3810,63,63
30.03333,1802,58,6,3854,63,63
30.05,1803,60,6,3854,62,62
30.06667,1804,62,6,3854,63,63
30.08333,1805,60,6,3854,1,1
30.1,1806,60,6,3854,45,45
30.11667,1807,60,6,3854,45,45
30.13333,1808,58,6,3854,45,45
30.15,1809,61,6,3854,39,39
30.16667,1810,61,6,3854,39,39
30.18333,1811,59,6,3854,0,0
30.2,1812,61,6,3854,0,0
30.21667,1813,58,6,3854,0,0
30.23333,1814,61,6,3862,8,8
30.25,1815,60,6,3862,8,8
30.26667,1816,60,6,3862,8,8
30.28333,1817,60,6,3862,0,0
30.3,1818,60,6,3854,0,0
30.31667,1819,60,6,3918,63,63
30.33333,1820,60,6,3966,63,63
30.35,1821,57,6,3966,63,63
30.36667,1822,63,6,3966,19,19
30.38333,1823,60,6,3966,44,44
30.4,1824,60,6,3966,49,49
30.41667,1825,60,6,3966,49,49
30.43333,1826,57,6,3966,35,35
30.45,1827,63,6,3966,35,35
30.46667,1828,59,6,3966,0,0
30.48333,1829,60,6,3966,0,0
30.5,1830,60,6,3966,0,0
30.51667,1831,59,6,3966,0,0
30.53333,1832,61,6,3966,0,0
30.55,1833,60,6,3966,0,0
30.56667,1834,60,6,3966,0,0
30.58333,1835,60,6,3966,0,0
30.6,1836,60,6,3966,0,0
30.61667,1837,60,6,3966,0,0
30.63333,1838,60,6,3970,4,4
30.65,1839,60,6,3970,4,4
30.66667,1840,60,6,4034,63,63
30.68333,1841,60,6,4034,59,59
30.7,1842,60,6,4034,63,63
30.71667,1843,60,6,4034,15,15
30.73333,1844,60,6,4034,16,16
30.75,1845,60,6,4034,1,1
30.76667,1846,57,6,4034,1,1
30.78333,1847,63,6,4034,1,1
30.8,1848,60,6,4034,0,0
30.81667,1849,60,6,4034,0,0
30.83333,1850,60,6,4034,0,0
30.85,1851,60,6,4034,0,0
30.86667,1852,60,6,4034,0,0
30.88333,1853,60,6,4034,0,0
30.9,1854,60,6,4034,0,0
30.91667,1855,60,6,4034,0,0
30.93333,1856,60,6,4034,0,0
30.95,1857,60,6,4034,0,0
30.96667,1858,60,6,4034,0,0
30.98333,1859,60,6,4098,63,63
31,1860,59,6,4162,63,63
31.01667,1861,61,6,4162,63,63
31.03333,1862,60,6,4162,63,63
31.05,1863,60,6,4162,0,0
31.06667,1864,56,6,4162,63,63
31.08333,1865,59,6,4162,63,63
31.1,1866,59,6,4162,63,63
31.11667,1867,61,6,4162,50,50
31.13333,1868,58,6,4162,52,52
31.15,1869,62,6,4162,2,2
31.16667,1870,58,6,4162,2,2
31.18333,1871,60,6,4162,0,0
31.2,1872,59,6,4162,0,0
31.21667,1873,59,6,4162,0,0
31.23333,1874,59,6,4162,0,0
31.25,1875,63,6,4162,0,0
31.26667,1876,58,6,4162,0,0
31.28333,1877,61,6,4162,0,0
31.3,1878,61,6,4162,0,0
31.31667,1879,58,6,4226,63,63
31.33333,1880,62,6,4226,63,63
31.35,1881,60,6,4226,63,63
31.36667,1882,58,6,4226,21,21
31.38333,1883,57,6,4226,1,1
31.4,1884,57,6,4226,1,1
31.41667,1885,63,6,4226,1,1
31.43333,1886,58,6,4226,1,1
31.45,1887,61,6,4226,0,0
31.46667,1888,58,6,4226,0,0
31.48333,1889,62,6,4226,0,0
31.5,1890,58,6,4226,0,0
31.51667,1891,61,6,4226,0,0
31.53333,1892,60,6,4226,0,0
31.55,1893,60,6,4226,0,0
31.56667,1894,61,6,4226,0,0
31.58333,1895,59,6,4226,0,0
31.6,1896,59,6,4226,0,0
31.61667,1897,61,6,4226,0,0
31.63333,1898,59,6,4226,0,0
31.65,1899,62,6,4266,40,40
31.66667,1900,60,6,4330,63,63
31.68333,1901,60,6,4354,63,63
31.7,1902,60,6,4354,23,23
31.71667,1903,60,6,4354,43,43
31.73333,1904,58,6,4354,63,63
31.75,1905,62,6,4354,60,60
31.76667,1906,60,6,4354,31,31
31.78333,1907,60,6,4354,25,25
31.8,1908,58,6,4354,5,5
31.81667,1909,62,6,4354,5,5
31.83333,1910,60,6,4354,0,0
31.85,1911,60,6,4354,0,0
31.86667,1912,60,6,4354,0,0
31.88333,1913,60,6,4354,0,0
31.9,1914,60,6,4354,0,0
31.91667,1915,57,6,4354,0,0
31.93333,1916,63,6,4354,0,0
31.95,1917,58,6,4354,0,0
31.96667,1918,61,6,4354,0,0
31.98333,1919,61,6,4354,0,0
32,1920,58,6,4418,63,63
32.01667,1921,61,6,4418,63,63
32.03333,1922,58,6,4462,63,63
32.05,1923,60,6,4462,18,18
32.06667,1924,51,6,4462,45,45
32.08333,1925,57,6,4462,45,45
32.1,1926,61,6,4462,45,45
32.11666,1927,62,6,4462,21,21
32.13334,1928,60,6,4462,21,21
32.15,1929,58,6,4462,0,0
32.16667,1930,62,6,4462,0,0
32.18333,1931,60,6,4462,0,0
32.2,1932,59,6,4462,0,0
32.21667,1933,61,6,4462,0,0
32.23333,1934,58,6,4462,0,0
32.25,1935,62,6,4462,0,0
32.26667,1936,58,6,4462,0,0
32.28333,1937,61,6,4462,0,0
32.3,1938,60,6,4462,0,0
32.31667,1939,59,6,4462,0,0
32.33333,1940,59,6,4462,0,0
32.35,1941,60,6,4462,0,0
32.36666,1942,58,6,4474,12,12
32.38334,1943,62,6,4526,63,63
32.4,1944,59,6,4526,63,63
32.41667,1945,61,6,4526,63,63
32.43333,1946,60,6,4526,15,15
32.45,1947,52,6,4526,1,1
32.46667,1948,60,6,4526,1,1
32.48333,1949,60,6,4526,1,1
32.5,1950,60,6,4526,0,0
32.51667,1951,60,6,4526,0,0
32.53333,1952,60,6,4526,0,0
32.55,1953,60,6,4526,0,0
32.56667,1954,59,6,4526,0,0
32.58333,1955,59,6,4526,0,0
32.6,1956,62,6,4526,0,0
32.61666,1957,58,6,4526,0,0
32.63334,1958,59,6,4526,0,0
32.65,1959,63,6,4526,0,0
32.66667,1960,57,6,4526,0,0
32.68333,1961,62,6,4526,0,0
32.7,1962,58,6,4526,0,0
32.71667,1963,62,6,4526,0,0
32.73333,1964,59,6,4526,0,0
32.75,1965,60,6,4526,0,0
32.76667,1966,61,6,4526,0,0
32.78333,1967,60,6,4526,0,0
32.8,1968,60,6,4526,0,0
32.81667,1969,60,6,4526,0,0
32.83333,1970,58,6,4526,0,0
32.85,1971,58,6,4526,0,0
32.86666,1972,63,6,4526,0,0
32.88334,1973,58,6,4526,0,0
32.9,1974,61,6,4526,0,0
32.91667,1975,61,6,4526,0,0
32.93333,1976,59,6,4526,0,0
32.95,1977,60,6,4526,0,0
32.96667,1978,59,6,4526,0,0
32.98333,1979,61,6,4526,0,0
33,1980,60,6,4526,0,0
33.01667,1981,60,6,4526,0,0
33.03333,1982,59,6,4526,0,0
33.05,1983,59,6,4526,0,0
33.06667,1984,62,6,4526,0,0
33.08333,1985,61,6,4526,0,0
33.1,1986,60,6,4526,0,0
33.11666,1987,60,6,4526,0,0
33.13334,1988,59,6,4526,0,0
33.15,1989,61,6,4526,0,0
33.16667,1990,58,6,4526,0,0
33.18333,1991,62,6,4526,0,0
33.2,1992,60,6,4526,0,0
33.21667,1993,59,6,4526,0,0
33.23333,1994,60,6,4526,0,0
33.25,1995,60,6,4526,0,0
33.26667,1996,58,6,4526,0,0
33.28333,1997,61,6,4526,0,0
33.3,1998,61,6,4526,0,0
33.31667,1999,60,6,4526,0,0
33.33333,2000,58,6,4526,0,0
33.35,2001,58,6,4526,0,0
33.36666,2002,63,6,4526,0,0
33.38334,2003,60,6,4526,0,0
33.4,2004,60,6,4526,0,0
33.41667,2005,60,6,4526,0,0
33.43333,2006,58,6,4526,0,0
33.45,2007,61,6,4526,0,0
33.46667,2008,57,6,4526,0,0
33.48333,2009,63,6,4526,0,0
33.5,2010,60,6,4526,0,0
33.51667,2011,59,6,4526,0,0
33.53333,2012,58,6,4526,0,0
33.55,2013,62,6,4526,0,0
33.56667,2014,60,6,4526,0,0
33.58333,2015,58,6,4526,0,0
33.6,2016,62,6,4526,0,0
33.61666,2017,58,6,4526,0,0
33.63334,2018,61,6,4526,0,0
33.65,2019,60,6,4526,0,0
33.66667,2020,61,6,4526,0,0
33.68333,2021,57,6,4526,0,0
33.7,2022,63,6,4526,0,0
33.71667,2023,60,6,4526,0,0
33.73333,2024,59,6,4526,0,0
33.75,2025,60,6,4526,0,0
33.76667,2026,58,6,4526,0,0
33.78333,2027,61,6,4526,0,0
33.8,2028,60,6,4526,0,0
33.81667,2029,61,6,4526,0,0
33.83333,2030,60,6,4526,0,0
33.85,2031,60,6,4526,0,0
33.86666,2032,59,6,4526,0,0
33.88334,2033,61,6,4526,0,0
33.9,2034,57,6,4526,0,0
33.91667,2035,62,6,4526,0,0
33.93333,2036,60,6,4526,0,0
33.95,2037,60,6,4526,0,0
33.96667,2038,60,6,4526,0,0
33.98333,2039,60,6,4526,0,0
34,2040,60,6,4526,0,0
34.01667,2041,59,6,4526,0,0
34.03333,2042,61,6,4526,0,0
34.05,2043,59,6,4526,0,0
34.06667,2044,59,6,4526,0,0
34.08333,2045,60,6,4526,0,0
34.1,2046,61,6,4526,0,0
34.11666,2047,58,6,4526,0,0
34.13334,2048,62,6,4526,0,0
34.15,2049,60,6,4526,0,0
34.16667,2050,58,6,4526,0,0
34.18333,2051,62,6,4526,0,0
34.2,2052,60,6,4526,0,0
34.21667,2053,58,6,4526,0,0
34.23333,2054,61,6,4526,0,0
34.25,2055,58,6,4526,0,0
34.26667,2056,61,6,4526,0,0
34.28333,2057,60,6,4526,0,0
34.3,2058,60,6,4526,0,0
34.31667,2059,60,6,4526,0,0
34.33333,2060,60,6,4526,0,0
34.35,2061,60,7,4526,0,0
34.36666,2062,60,7,4478,0,0
34.38334,2063,60,7,4478,0,0
34.4,2064,60,7,4122,0,0
34.41667,2065,49,7,3734,0,0
34.43333,2066,45,7,3334,0,0
34.45,2067,42,7,3230,0,0
34.46667,2068,60,7,3230,0,0
34.48333,2069,60,7,3230,0,0
34.5,2070,59,7,3238,8,8
34.51667,2071,61,7,3238,8,8
34.53333,2072,60,7,3302,62,62
34.55,2073,59,7,3302,62,62
34.56667,2074,61,7,3366,54,54
34.58333,2075,58,7,3374,23,23
34.6,2076,58,7,3322,47,47
34.61666,2077,63,7,3286,54,54
34.63334,2078,60,7,3058,62,62
34.65,2079,60,7,3058,62,62
34.66667,2080,60,7,2978,3,3
34.68333,2081,46,7,2978,52,52
34.7,2082,60,7,2978,52,52
34.71667,2083,50,7,2978,52,52
34.73333,2084,71,7,2978,16,16
34.75,2085,56,7,2978,0,0
34.76667,2086,60,7,3034,56,56
34.78333,2087,60,7,3034,56,56
34.8,2088,53,7,3098,62,62
34.81667,2089,67,7,3094,29,29
34.83333,2090,43,7,3054,39,39
34.85,2091,71,7,3002,56,56
34.86666,2092,60,7,2958,62,62
34.88334,2093,47,7,2970,29,29
34.9,2094,58,7,2970,44,44
34.91667,2095,60,7,2970,61,61
34.93333,2096,60,7,2970,49,49
34.95,2097,60,7,2970,29,29
34.96667,2098,58,7,2970,23,23
34.98333,2099,62,7,2970,14,14
35,2100,58,7,2970,0,0
35.01667,2101,62,7,2970,0,0
35.03333,2102,60,7,3026,56,56
35.05,2103,60,7,3026,56,56
35.06667,2104,60,7,2994,56,56
35.08333,2105,58,7,2974,19,19
35.1,2106,62,7,2978,40,40
35.11666,2107,60,7,2978,40,40
35.13334,2108,60,7,3042,62,62
35.15,2109,60,7,3042,39,39
35.16667,2110,59,7,3042,45,45
35.18333,2111,61,7,3042,40,40
35.2,2112,60,7,3042,27,27
35.21667,2113,60,7,3042,27,27
35.23333,2114,60,7,3042,2,2
35.25,2115,59,7,3042,0,0
35.26667,2116,61,7,3042,0,0
35.28333,2117,59,7,3042,0,0
35.3,2118,60,7,3042,0,0
35.31667,2119,60,7,3042,0,0
35.33333,2120,58,7,3034,0,0
35.35,2121,62,7,3018,0,0
35.36666,2122,60,7,3082,62,62
35.38334,2123,59,7,3146,62,62
35.4,2124,60,7,3146,62,62
35.41667,2125,60,7,3146,18,18
35.43333,2126,59,7,3146,44,44
35.45,2127,60,7,3146,62,62
35.46667,2128,61,7,3146,59,59
35.48333,2129,57,7,3146,21,21
35.5,2130,63,7,3146,22,22
35.51667,2131,60,7,3146,1,1
35.53333,2132,60,7,3146,1,1
35.55,2133,59,7,3146,0,0
35.56667,2134,61,7,3146,0,0
35.58333,2135,60,7,3138,0,0
35.6,2136,59,7,3138,0,0
35.61666,2137,61,7,3146,8,8
35.63334,2138,57,7,3210,62,62
35.65,2139,63,7,3266,62,62
35.66667,2140,59,7,3266,54,54
35.68333,2141,60,7,3266,27,27
35.7,2142,61,7,3266,62,62
35.71667,2143,60,7,3266,43,43
35.73333,2144,59,7,3266,54,54
35.75,2145,61,7,3266,23,23
35.76667,2146,60,7,3266,20,20
35.78333,2147,60,7,3266,0,0
35.8,2148,60,7,3266,0,0
35.81667,2149,59,7,3266,0,0
35.83333,2150,61,7,3262,0,0
35.85,2151,60,7,3258,0,0
35.86666,2152,60,7,3258,0,0
35.88334,2153,58,7,3322,62,62
35.9,2154,59,7,3322,62,62
35.91667,2155,62,7,3358,62,62
35.93333,2156,60,7,3358,13,13
35.95,2157,59,7,3358,38,38
35.96667,2158,58,7,3358,37,37
35.98333,2159,62,7,3358,37,37
36,2160,59,7,3358,0,0
36.01667,2161,61,7,3358,0,0
36.03333,2162,60,7,3358,0,0
36.05,2163,58,7,3358,0,0
36.06667,2164,62,7,3358,0,0
36.08333,2165,57,7,3358,0,0
36.1,2166,62,7,3354,0,0
36.11666,2167,61,7,3354,0,0
36.13334,2168,59,7,3354,0,0
36.15,2169,61,7,3366,12,12
36.16667,2170,58,7,3430,63,63
36.18333,2171,62,7,3430,63,63
36.2,2172,59,7,3494,51,51
36.21667,2173,58,7,3494,18,18
36.23333,2174,62,7,3494,57,57
36.25,2175,58,7,3494,52,52
36.26667,2176,62,7,3494,62,62
36.28333,2177,60,7,3494,63,63
36.3,2178,60,7,3494,12,12
36.31667,2179,59,7,3494,3,3
36.33333,2180,61,7,3494,2,2
36.35,2181,59,7,3494,2,2
36.36666,2182,60,7,3494,0,0
36.38334,2183,60,7,3494,0,0
36.4,2184,58,7,3494,0,0
36.41667,2185,62,7,3494,0,0
36.43333,2186,57,7,3502,8,8
36.45,2187,64,7,3526,32,32
36.46667,2188,60,7,3526,32,32
36.48333,2189,59,7,3590,55,55
36.5,2190,61,7,3590,39,39
36.51667,2191,60,7,3590,63,63
36.53333,2192,60,7,3590,32,32
36.55,2193,60,7,3590,24,24
36.56667,2194,58,7,3590,24,24
36.58333,2195,62,7,3590,1,1
36.6,2196,60,7,3590,0,0
36.61666,2197,58,7,3590,0,0
36.63334,2198,62,7,3590,0,0
36.65,2199,60,7,3590,0,0
36.66667,2200,60,7,3590,0,0
36.68333,2201,60,7,3590,0,0
36.7,2202,60,7,3590,0,0
36.71667,2203,58,7,3590,0,0
36.73333,2204,61,7,3590,0,0
36.75,2205,60,7,3654,63,63
36.76667,2206,60,7,3654,63,63
36.78333,2207,60,7,3718,63,63
36.8,2208,59,7,3718,21,21
36.81667,2209,61,7,3718,42,42
36.83333,2210,59,7,3718,63,63
36.85,2211,58,7,3718,63,63
36.86666,2212,62,7,3718,63,63
36.88334,2213,59,7,3718,0,0
36.9,2214,62,7,3718,2,2
36.91667,2215,60,7,3718,2,2
36.93333,2216,60,7,3718,2,2
36.95,2217,60,7,3718,2,2
36.96667,2218,58,7,3718,0,0
36.98333,2219,62,7,3718,0,0
37,2220,59,7,3718,0,0
37.01667,2221,62,7,3718,0,0
37.03333,2222,60,7,3718,0,0
37.05,2223,60,7,3718,0,0
37.06667,2224,60,7,3766,48,48
37.08333,2225,60,7,3830,63,63
37.1,2226,59,7,3830,63,63
37.11666,2227,60,7,3830,18,18
37.13334,2228,58,7,3830,45,45
37.15,2229,58,7,3830,49,49
37.16667,2230,64,7,3830,49,49
37.18333,2231,60,7,3830,4,4
37.2,2232,57,7,3830,0,0
37.21667,2233,61,7,3830,0,0
37.23333,2234,61,7,3830,0,0
37.25,2235,59,7,3830,0,0
37.26667,2236,57,7,3830,0,0
37.28333,2237,64,7,3830,0,0
37.3,2238,60,7,3830,0,0
37.31667,2239,60,7,3830,0,0
37.33333,2240,60,7,3830,0,0
37.35,2241,60,7,3830,0,0
37.36666,2242,60,7,3830,0,0
37.38334,2243,60,7,3894,63,63
37.4,2244,60,7,3958,63,63
37.41667,2245,57,7,3958,63,63
37.43333,2246,62,7,3958,16,16
37.45,2247,59,7,3958,63,63
37.46667,2248,60,7,3958,47,47
37.48333,2249,60,7,3958,63,63
37.5,2250,60,7,3958,48,48
37.51667,2251,60,7,3958,18,18
37.53333,2252,60,7,3958,5,5
37.55,2253,60,7,3958,5,5
37.56667,2254,60,7,3958,0,0
37.58333,2255,60,7,3958,0,0
37.6,2256,60,7,3958,0,0
37.61666,2257,60,7,3958,0,0
37.63334,2258,60,7,3958,0,0
37.65,2259,60,7,3958,0,0
37.66667,2260,60,7,3958,0,0
37.68333,2261,60,7,3958,0,0
37.7,2262,60,7,4022,63,63
37.71667,2263,60,7,4086,63,63
37.73333,2264,60,7,4086,63,63
37.75,2265,60,7,4086,14,14
37.76667,2266,59,7,4086,49,49
37.78333,2267,58,7,4086,63,63
37.8,2268,62,7,4086,63,63
37.81667,2269,58,7,4086,23,23
37.83333,2270,61,7,4086,25,25
37.85,2271,60,7,4086,2,2
37.86666,2272,60,7,4086,2,2
37.88334,2273,59,7,4086,0,0
37.9,2274,61,7,4086,0,0
37.91667,2275,60,7,4086,0,0
37.93333,2276,60,7,4086,0,0
37.95,2277,60,7,4086,0,0
37.96667,2278,60,7,4086,0,0
37.98333,2279,60,7,4086,0,0
38,2280,60,7,4086,0,0
38.01667,2281,60,7,4150,63,63
38.03333,2282,58,7,4150,63,63
38.05,2283,61,7,4214,63,63
38.06667,2284,60,7,4214,14,14
38.08333,2285,57,7,4214,49,49
38.1,2286,59,7,4214,63,63
38.11666,2287,60,7,4214,63,63
38.13334,2288,59,7,4214,63,63
38.15,2289,60,7,4214,14,14
38.16667,2290,60,7,4214,2,2
38.18333,2291,58,7,4214,2,2
38.2,2292,61,7,4214,2,2
38.21667,2293,60,7,4214,0,0
38.23333,2294,60,7,4214,0,0
38.25,2295,60,7,4214,0,0
38.26667,2296,60,7,4214,0,0
38.28333,2297,59,7,4214,0,0
38.3,2298,61,7,4214,0,0
38.31667,2299,59,7,4214,0,0
38.33333,2300,58,7,4214,0,0
38.35,2301,62,7,4214,0,0
38.36666,2302,59,7,4234,20,20
38.38334,2303,61,7,4298,63,63
38.4,2304,59,7,4298,63,63
38.41667,2305,60,7,4298,63,63
38.43333,2306,60,7,4298,3,3
38.45,2307,47,7,4298,21,21
38.46667,2308,60,7,4298,21,21
38.48333,2309,60,7,4298,21,21
38.5,2310,60,7,4298,0,0
38.51667,2311,60,7,4298,0,0
38.53333,2312,58,7,4298,0,0
38.55,2313,62,7,4298,0,0
38.56667,2314,57,7,4298,0,0
38.58333,2315,63,7,4298,0,0
38.6,2316,60,7,4298,0,0
38.61666,2317,60,7,4298,0,0
38.63334,2318,60,7,4298,0,0
38.65,2319,59,7,4298,0,0
38.66667,2320,61,7,4298,0,0
38.68333,2321,60,7,4298,0,0
38.7,2322,59,7,4298,0,0
38.71667,2323,61,7,4322,24,24
38.73333,2324,59,7,4322,24,24
38.75,2325,60,7,4322,24,24
38.76667,2326,59,7,4322,0,0
38.78333,2327,61,7,4322,0,0
38.8,2328,60,7,4322,0,0
38.81667,2329,59,7,4322,0,0
38.83333,2330,61,7,4322,0,0
38.85,2331,59,7,4322,0,0
38.86666,2332,61,7,4322,0,0
38.88334,2333,60,7,4322,0,0
38.9,2334,60,7,4322,0,0
38.91667,2335,59,7,4322,0,0
38.93333,2336,60,7,4322,0,0
38.95,2337,60,7,4322,0,0
38.96667,2338,60,7,4322,0,0
38.98333,2339,58,7,4322,0,0
39,2340,62,7,4322,0,0
39.01667,2341,59,7,4322,0,0
39.03333,2342,61,7,4322,0,0
39.05,2343,60,7,4322,0,0
39.06667,2344,60,7,4322,0,0
39.08333,2345,60,7,4322,0,0
39.1,2346,60,7,4322,0,0
39.11666,2347,59,7,4322,0,0
39.13334,2348,61,7,4322,0,0
39.15,2349,60,7,4322,0,0
39.16667,2350,60,7,4322,0,0
39.18333,2351,59,7,4322,0,0
39.2,2352,61,7,4322,0,0
39.21667,2353,60,7,4322,0,0
39.23333,2354,57,7,4322,0,0
39.25,2355,62,7,4322,0,0
39.26667,2356,61,7,4322,0,0
39.28333,2357,60,7,4322,0,0
39.3,2358,60,7,4322,0,0
39.31667,2359,60,7,4322,0,0
39.33333,2360,60,7,4322,0,0
39.35,2361,60,8,4322,0,0
39.36666,2362,60,8,4090,0,0
39.38334,2363,53,8,3754,0,0
39.4,2364,39,8,3762,8,8
39.41667,2365,58,8,3762,8,8
39.43333,2366,62,8,3766,12,12
39.45,2367,60,8,3782,20,20
39.46667,2368,57,8,3782,20,20
39.48333,2369,63,8,3814,48,48
39.5,2370,60,8,3822,40,40
39.51667,2371,60,8,3806,40,40
39.53333,2372,60,8,3802,8,8
39.55,2373,60,8,3758,0,0
39.56667,2374,59,8,3758,0,0
39.58333,2375,58,8,3822,63,63
39.6,2376,60,8,3886,63,63
39.61666,2377,63,8,3910,63,63
39.63334,2378,60,8,3866,20,20
39.65,2379,60,8,3746,43,43
39.66667,2380,58,8,3746,63,63
39.68333,2381,60,8,3746,63,63
39.7,2382,60,8,3746,42,42
39.71667,2383,60,8,3746,41,41
39.73333,2384,60,8,3746,43,43
39.75,2385,60,8,3746,63,63
39.76667,2386,60,8,3746,63,63
39.78333,2387,60,8,3746,15,15
39.8,2388,57,8,3746,3,3
39.81667,2389,63,8,3746,3,3
39.83333,2390,60,8,3746,3,3
39.85,2391,60,8,3746,3,3
39.86666,2392,60,8,3742,0,0
39.88334,2393,57,8,3750,8,8
39.9,2394,60,8,3814,63,63
39.91667,2395,63,8,3866,63,63
39.93333,2396,60,8,3790,55,55
39.95,2397,60,8,3790,63,63
39.96667,2398,60,8,3854,8,8
39.98333,2399,56,8,3854,63,63
40,2400,60,8,3854,55,55
40.01667,2401,60,8,3854,63,63
40.03333,2402,58,8,3854,53,53
40.05,2403,60,8,3854,18,18
40.06667,2404,59,8,3854,63,63
40.08333,2405,59,8,3854,55,55
40.1,2406,58,8,3854,53,53
40.11666,2407,61,8,3854,29,29
40.13334,2408,61,8,3854,11,11
40.15,2409,60,8,3854,3,3
40.16667,2410,60,8,3854,3,3
40.18333,2411,57,8,3854,0,0
40.2,2412,61,8,3854,0,0
40.21667,2413,61,8,3882,28,28
40.23333,2414,59,8,3854,32,32
40.25,2415,61,8,3854,32,32
40.26667,2416,60,8,3918,35,35
40.28333,2417,60,8,3982,59,59
40.3,2418,60,8,3982,63,63
40.31667,2419,60,8,3982,43,43
40.33333,2420,60,8,3982,36,36
40.35,2421,59,8,3982,63,63
40.36666,2422,61,8,3982,47,47
40.38334,2423,57,8,3982,43,43
40.4,2424,61,8,3982,27,27
40.41667,2425,62,8,3982,18,18
40.43333,2426,58,8,3982,3,3
40.45,2427,61,8,3982,3,3
40.46667,2428,60,8,3982,0,0
40.48333,2429,57,8,3982,0,0
40.5,2430,63,8,3982,0,0
40.51667,2431,59,8,3982,0,0
40.53333,2432,61,8,3982,0,0
40.55,2433,60,8,3982,0,0
40.56667,2434,58,8,3966,0,0
40.58333,2435,61,8,3986,20,20
40.6,2436,60,8,4050,63,63
40.61666,2437,57,8,4058,63,63
40.63334,2438,63,8,4058,43,43
40.65,2439,60,8,4058,63,63
40.66667,2440,60,8,4058,20,20
40.68333,2441,57,8,4058,29,29
40.7,2442,59,8,4058,9,9
40.71667,2443,58,8,4058,9,9
40.73333,2444,62,8,4058,0,0
40.75,2445,60,8,4058,0,0
40.76667,2446,60,8,4058,0,0
40.78333,2447,60,8,4058,0,0
40.8,2448,60,8,4058,0,0
40.81667,2449,59,8,4058,0,0
40.83333,2450,61,8,4058,0,0
40.85,2451,59,8,4058,0,0
40.86666,2452,61,8,4058,0,0
40.88334,2453,60,8,4054,0,0
40.9,2454,59,8,4054,0,0
40.91667,2455,57,8,4078,24,24
40.93333,2456,61,8,4098,44,44
40.95,2457,62,8,4098,44,44
40.96667,2458,60,8,4098,20,20
40.98333,2459,60,8,4098,0,0
41,2460,60,8,4098,0,0
41.01667,2461,58,8,4098,0,0
41.03333,2462,62,8,4098,0,0
41.05,2463,60,8,4098,0,0
41.06667,2464,60,8,4098,0,0
41.08333,2465,60,8,4098,0,0
41.1,2466,59,8,4098,0,0
41.11666,2467,60,8,4098,0,0
41.13334,2468,58,8,4098,0,0
41.15,2469,62,8,4098,0,0
41.16667,2470,60,8,4098,0,0
41.18333,2471,57,8,4098,0,0
41.2,2472,62,8,4098,0,0
41.21667,2473,61,8,4098,0,0
41.23333,2474,60,8,4098,0,0
41.25,2475,59,8,4098,0,0
41.26667,2476,58,8,4098,0,0
41.28333,2477,62,8,4098,0,0
41.3,2478,60,8,4098,0,0
41.31667,2479,58,8,4098,0,0
41.33333,2480,62,8,4098,0,0
41.35,2481,58,8,4098,0,0
41.36666,2482,61,8,4098,0,0
41.38334,2483,61,8,4098,0,0
41.4,2484,60,8,4098,0,0
41.41667,2485,58,8,4098,0,0
41.43333,2486,62,8,4098,0,0
41.45,2487,59,8,4098,0,0
41.46667,2488,59,8,4098,0,0
41.48333,2489,62,8,4098,0,0
41.5,2490,58,8,4098,0,0
41.51667,2491,62,8,4098,0,0
41.53333,2492,60,8,4098,0,0
41.55,2493,60,8,4098,0,0
41.56667,2494,60,8,4098,0,0
41.58333,2495,60,8,4098,0,0
41.6,2496,59,8,4098,0,0
41.61666,2497,58,8,4098,0,0
41.63334,2498,63,8,4098,0,0
41.65,2499,59,8,4098,0,0
41.66667,2500,58,8,4098,0,0
41.68333,2501,62,8,4098,0,0
41.7,2502,58,8,4098,0,0
41.71667,2503,62,8,4098,0,0
41.73333,2504,58,8,4098,0,0
41.75,2505,62,8,4098,0,0
41.76667,2506,58,8,4098,0,0
41.78333,2507,62,8,4098,0,0
41.8,2508,59,8,4098,0,0
41.81667,2509,61,8,4098,0,0
41.83333,2510,60,8,4098,0,0
41.85,2511,59,8,4098,0,0
41.86666,2512,59,8,4098,0,0
41.88334,2513,62,8,4098,0,0
41.9,2514,60,8,4098,0,0
41.91667,2515,57,8,4098,0,0
41.93333,2516,62,8,4098,0,0
41.95,2517,61,8,4098,0,0
41.96667,2518,59,8,4098,0,0
41.98333,2519,61,8,4098,0,0
42,2520,59,8,4098,0,0
42.01667,2521,61,8,4098,0,0
42.03333,2522,57,8,4098,0,0
42.05,2523,63,8,4098,0,0
42.06667,2524,60,8,4098,0,0
42.08333,2525,60,8,4098,0,0
42.1,2526,60,8,4098,0,0
42.11666,2527,59,8,4098,0,0
42.13334,2528,61,8,4098,0,0
42.15,2529,60,8,4098,0,0
42.16667,2530,59,8,4098,0,0
42.18333,2531,61,8,4098,0,0
42.2,2532,60,8,4098,0,0
42.21667,2533,60,8,4098,0,0
42.23333,2534,58,8,4098,0,0
42.25,2535,62,8,4098,0,0
42.26667,2536,60,8,4098,0,0
42.28333,2537,58,8,4098,0,0
42.3,2538,62,8,4098,0,0
42.31667,2539,59,8,4098,0,0
42.33333,2540,59,8,4098,0,0
42.35,2541,60,8,4098,0,0
42.36666,2542,61,8,4098,0,0
42.38334,2543,58,8,4098,0,0
42.4,2544,62,8,4098,0,0
42.41667,2545,60,8,4098,0,0
42.43333,2546,57,8,4098,0,0
42.45,2547,63,8,4098,0,0
42.46667,2548,59,8,4098,0,0
42.48333,2549,60,8,4098,0,0
42.5,2550,60,8,4098,0,0
42.51667,2551,60,8,4098,0,0
42.53333,2552,60,8,4098,0,0
42.55,2553,60,8,4098,0,0
42.56667,2554,60,8,4098,0,0
42.58333,2555,58,8,4098,0,0
42.6,2556,62,8,4098,0,0
42.61666,2557,60,8,4098,0,0
42.63334,2558,60,8,4098,0,0
42.65,2559,60,8,4098,0,0
42.66667,2560,60,8,4098,0,0
42.68333,2561,60,8,4098,0,0
42.7,2562,60,8,4098,0,0
42.71667,2563,60,8,4098,0,0
42.73333,2564,58,8,4098,0,0
42.75,2565,62,8,4098,0,0
42.76667,2566,58,8,4098,0,0
42.78333,2567,62,8,4098,0,0
42.8,2568,57,8,4098,0,0
42.81667,2569,60,8,4098,0,0
42.83333,2570,62,8,4098,0,0
42.85,2571,60,8,4098,0,0
42.86666,2572,60,8,4098,0,0
42.88334,2573,60,8,4098,0,0
42.9,2574,59,8,4098,0,0
42.91667,2575,61,8,4098,0,0
42.93333,2576,58,8,4098,0,0
42.95,2577,62,8,4098,0,0
42.96667,2578,58,8,4098,0,0
42.98333,2579,62,8,4098,0,0
43,2580,60,8,4098,0,0
43.01667,2581,60,8,4098,0,0
43.03333,2582,60,8,4098,0,0
43.05,2583,60,8,4098,0,0
43.06667,2584,60,8,4098,0,0
43.08333,2585,60,8,4098,0,0
43.1,2586,60,8,4098,0,0
43.11666,2587,60,8,4098,0,0
43.13334,2588,60,8,4098,0,0
43.15,2589,59,8,4098,0,0
43.16667,2590,58,8,4098,0,0
43.18333,2591,63,8,4098,0,0
43.2,2592,60,8,4098,0,0
43.21667,2593,60,8,4098,0,0
43.23333,2594,59,8,4098,0,0
43.25,2595,61,8,4098,0,0
43.26667,2596,60,8,4098,0,0
43.28333,2597,59,8,4098,0,0
43.3,2598,61,8,4098,0,0
43.31667,2599,60,8,4098,0,0
43.33333,2600,59,8,4098,0,0
43.35,2601,61,8,4098,0,0
43.36666,2602,58,8,4098,0,0
43.38334,2603,62,8,4098,0,0
43.4,2604,60,8,4098,0,0
43.41667,2605,59,8,4098,0,0
43.43333,2606,61,8,4098,0,0
43.45,2607,59,8,4098,0,0
43.46667,2608,59,8,4098,0,0
43.48333,2609,61,8,4098,0,0
43.5,2610,58,8,4098,0,0
43.51667,2611,63,8,4098,0,0
43.53333,2612,58,8,4098,0,0
43.55,2613,62,8,4098,0,0
43.56667,2614,58,8,4098,0,0
43.58333,2615,61,8,4098,0,0
43.6,2616,61,8,4098,0,0
43.61666,2617,60,8,4098,0,0
43.63334,2618,60,8,4098,0,0
43.65,2619,58,8,4098,0,0
43.66667,2620,61,8,4098,0,0
43.68333,2621,60,8,4098,0,0
43.7,2622,59,8,4098,0,0
43.71667,2623,61,8,4098,0,0
43.73333,2624,58,8,4098,0,0
43.75,2625,62,8,4098,0,0
43.76667,2626,60,8,4098,0,0
43.78333,2627,59,8,4098,0,0
43.8,2628,60,8,4098,0,0
43.81667,2629,58,8,4098,0,0
43.83333,2630,63,8,4098,0,0
43.85,2631,60,8,4098,0,0
43.86666,2632,58,8,4098,0,0
43.88334,2633,62,8,4098,0,0
43.9,2634,60,8,4098,0,0
43.91667,2635,60,8,4098,0,0
43.93333,2636,60,8,4098,0,0
43.95,2637,59,8,4098,0,0
43.96667,2638,61,8,4098,0,0
43.98333,2639,58,8,4098,0,0
44,2640,61,8,4098,0,0
44.01667,2641,58,8,4098,0,0
44.03333,2642,62,8,4098,0,0
44.05,2643,60,8,4098,0,0
44.06667,2644,60,8,4098,0,0
44.08333,2645,59,8,4098,0,0
44.1,2646,61,8,4098,0,0
44.11666,2647,59,8,4098,0,0
44.13334,2648,60,8,4098,0,0
44.15,2649,60,8,4098,0,0
44.16667,2650,59,8,4098,0,0
44.18333,2651,61,8,4098,0,0
44.2,2652,59,8,4098,0,0
44.21667,2653,60,8,4098,0,0
44.23333,2654,60,8,4098,0,0
44.25,2655,59,8,4098,0,0
44.26667,2656,61,8,4098,0,0
44.28333,2657,60,8,4098,0,0
44.3,2658,59,8,4098,0,0
44.31667,2659,61,8,4098,0,0
44.33333,2660,60,8,4098,0,0
44.35,2661,60,8,4098,0,0
44.36666,2662,59,9,4098,0,0
44.38334,2663,60,9,4098,0,0
44.4,2664,60,9,4162,63,63
44.41667,2665,60,9,4226,63,63
44.43333,2666,60,9,4226,63,63
44.45,2667,59,9,4226,15,15
44.46667,2668,60,9,4186,48,48
44.48333,2669,61,9,4226,63,63
44.5,2670,60,9,4082,63,63
44.51667,2671,48,9,4082,36,36
44.53333,2672,59,9,4086,40,40
44.55,2673,60,9,4086,63,63
44.56667,2674,60,9,4086,50,50
44.58333,2675,60,9,4086,36,36
44.6,2676,60,9,4094,40,40
44.61666,2677,60,9,4118,63,63
44.63334,2678,60,9,4130,50,50
44.65,2679,60,9,4130,63,63
44.66667,2680,60,9,4130,13,13
44.68333,2681,59,9,4130,41,41
44.7,2682,59,9,4130,28,28
44.71667,2683,61,9,4150,48,48
44.73333,2684,60,9,4206,43,43
44.75,2685,60,9,4206,63,63
44.76667,2686,59,9,4206,55,55
44.78333,2687,58,9,4198,43,43
44.8,2688,63,9,4230,48,48
44.81667,2689,60,9,4258,43,43
44.83333,2690,59,9,4322,55,55
44.85,2691,60,9,4322,63,63
44.86666,2692,59,9,4322,36,36
44.88334,2693,59,9,4322,48,48
44.9,2694,62,9,4322,48,48
44.91667,2695,60,9,4322,57,57
44.93333,2696,58,9,4322,40,40
44.95,2697,62,9,4322,63,63
44.96667,2698,59,9,4322,35,35
44.98333,2699,61,9,4322,52,52
45,2700,60,9,4322,41,41
45.01667,2701,58,9,4322,28,28
45.03333,2702,60,9,4322,28,28
45.05,2703,57,9,4322,0,0
45.06667,2704,58,9,4322,0,0
45.08333,2705,59,9,4322,0,0
45.1,2706,57,9,4322,0,0
45.11666,2707,63,9,4322,0,0
45.13334,2708,59,9,4322,0,0
45.15,2709,58,9,4322,0,0
45.16667,2710,62,9,4354,36,36
45.18333,2711,61,9,4386,63,63
45.2,2712,57,9,4386,63,63
45.21667,2713,62,9,4386,27,27
45.23333,2714,58,9,4386,16,16
45.25,2715,62,9,4386,16,16
45.26667,2716,60,9,4386,5,5
45.28333,2717,58,9,4386,0,0
45.3,2718,62,9,4386,0,0
45.31667,2719,58,9,4386,0,0
45.33333,2720,62,9,4386,0,0
45.35,2721,60,9,4386,0,0
45.36666,2722,60,9,4386,0,0
45.38334,2723,59,9,4386,0,0
45.4,2724,61,9,4386,0,0
45.41667,2725,60,9,4386,0,0
45.43333,2726,60,9,4386,0,0
45.45,2727,59,9,4386,0,0
45.46667,2728,60,9,4386,0,0
45.48333,2729,60,9,4386,0,0
45.5,2730,60,9,4386,0,0
45.51667,2731,60,9,4386,0,0
45.53333,2732,60,9,4386,0,0
45.55,2733,57,9,4450,63,63
45.56667,2734,63,9,4450,63,63
45.58333,2735,60,9,4450,63,63
45.6,2736,60,9,4450,19,19
45.61666,2737,50,9,4450,1,1
45.63334,2738,58,9,4450,1,1
45.65,2739,61,9,4450,1,1
45.66667,2740,61,9,4450,0,0
45.68333,2741,59,9,4450,0,0
45.7,2742,61,9,4450,0,0
45.71667,2743,59,9,4450,0,0
45.73333,2744,61,9,4450,0,0
45.75,2745,60,9,4450,0,0
45.76667,2746,60,9,4450,0,0
45.78333,2747,60,9,4450,0,0
45.8,2748,60,9,4450,0,0
45.81667,2749,60,9,4450,0,0
45.83333,2750,60,9,4450,0,0
45.85,2751,59,9,4450,0,0
45.86666,2752,61,9,4450,0,0
45.88334,2753,60,9,4450,0,0
45.9,2754,60,9,4450,0,0
45.91667,2755,58,9,4450,0,0
45.93333,2756,60,9,4450,0,0
45.95,2757,61,9,4450,0,0
45.96667,2758,59,9,4450,0,0
45.98333,2759,58,9,4450,0,0
46,2760,62,9,4450,0,0
46.01667,2761,60,9,4450,0,0
46.03333,2762,60,9,4450,0,0
46.05,2763,60,9,4450,0,0
46.06667,2764,60,9,4450,0,0
46.08333,2765,60,9,4450,0,0
46.1,2766,58,9,4450,0,0
46.11666,2767,62,9,4450,0,0
46.13334,2768,60,9,4450,0,0
46.15,2769,57,9,4450,0,0
46.16667,2770,61,9,4450,0,0
46.18333,2771,60,9,4450,0,0
46.2,2772,58,9,4450,0,0
46.21667,2773,64,9,4450,0,0
46.23333,2774,60,9,4450,0,0
46.25,2775,57,9,4450,0,0
46.26667,2776,63,9,4450,0,0
46.28333,2777,59,9,4450,0,0
46.3,2778,61,9,4450,0,0
46.31667,2779,60,9,4450,0,0
46.33333,2780,58,9,4450,0,0
46.35,2781,62,9,4450,0,0
46.36666,2782,60,9,4450,0,0
46.38334,2783,60,9,4450,0,0
46.4,2784,60,9,4450,0,0
46.41667,2785,59,9,4450,0,0
46.43333,2786,61,9,4450,0,0
46.45,2787,60,9,4450,0,0
46.46667,2788,60,9,4450,0,0
46.48333,2789,60,9,4450,0,0
46.5,2790,60,9,4450,0,0
46.51667,2791,59,9,4450,0,0
46.53333,2792,60,9,4450,0,0
46.55,2793,58,9,4450,0,0
46.56667,2794,59,9,4450,0,0
46.58333,2795,63,9,4450,0,0
46.6,2796,58,9,4450,0,0
46.61666,2797,63,9,4450,0,0
46.63334,2798,60,9,4450,0,0
46.65,2799,60,9,4450,0,0
46.66667,2800,60,9,4450,0,0
46.68333,2801,60,9,4450,0,0
46.7,2802,59,9,4450,0,0
46.71667,2803,61,9,4450,0,0
46.73333,2804,59,9,4450,0,0
46.75,2805,61,9,4450,0,0
46.76667,2806,60,9,4450,0,0
46.78333,2807,60,9,4450,0,0
46.8,2808,59,9,4450,0,0
46.81667,2809,60,9,4450,0,0
46.83333,2810,60,9,4450,0,0
46.85,2811,60,9,4450,0,0
46.86666,2812,60,9,4450,0,0
46.88334,2813,60,9,4450,0,0
46.9,2814,60,9,4450,0,0
46.91667,2815,60,9,4450,0,0
46.93333,2816,60,9,4450,0,0
46.95,2817,60,9,4450,0,0
46.96667,2818,60,9,4450,0,0
46.98333,2819,60,9,4450,0,0
47,2820,60,9,4450,0,0
47.01667,2821,58,9,4450,0,0
47.03333,2822,62,9,4450,0,0
47.05,2823,58,9,4450,0,0
47.06667,2824,62,9,4450,0,0
47.08333,2825,60,9,4450,0,0
47.1,2826,60,9,4450,0,0
47.11666,2827,60,9,4450,0,0
47.13334,2828,60,9,4450,0,0
47.15,2829,60,9,4450,0,0
47.16667,2830,58,9,4450,0,0
47.18333,2831,61,9,4450,0,0
47.2,2832,58,9,4450,0,0
47.21667,2833,62,9,4450,0,0
47.23333,2834,60,9,4450,0,0
47.25,2835,60,9,4450,0,0
47.26667,2836,60,9,4450,0,0
47.28333,2837,60,9,4450,0,0
47.3,2838,60,9,4450,0,0
47.31667,2839,60,9,4450,0,0
47.33333,2840,60,9,4450,0,0
47.35,2841,60,9,4450,0,0
47.36666,2842,59,9,4450,0,0
47.38334,2843,60,9,4450,0,0
47.4,2844,61,9,4450,0,0
47.41667,2845,58,9,4450,0,0
47.43333,2846,61,9,4450,0,0
47.45,2847,59,9,4450,0,0
47.46667,2848,59,9,4450,0,0
47.48333,2849,62,9,4450,0,0
47.5,2850,61,9,4450,0,0
47.51667,2851,60,9,4450,0,0
47.53333,2852,60,9,4450,0,0
47.55,2853,60,9,4450,0,0
47.56667,2854,57,9,4450,0,0
47.58333,2855,62,9,4450,0,0
47.6,2856,59,9,4450,0,0
47.61666,2857,62,9,4450,0,0
47.63334,2858,60,9,4450,0,0
47.65,2859,60,9,4450,0,0
47.66667,2860,60,9,4450,0,0
47.68333,2861,60,9,4450,0,0
47.7,2862,60,9,4450,0,0
47.71667,2863,60,9,4450,0,0
47.73333,2864,60,9,4450,0,0
47.75,2865,58,9,4450,0,0
47.76667,2866,62,9,4450,0,0
47.78333,2867,60,9,4450,0,0
47.8,2868,60,9,4450,0,0
47.81667,2869,60,9,4450,0,0
47.83333,2870,59,9,4450,0,0
47.85,2871,60,9,4450,0,0
47.86666,2872,59,9,4450,0,0
47.88334,2873,60,9,4450,0,0
47.9,2874,60,9,4450,0,0
47.91667,2875,60,9,4450,0,0
47.93333,2876,60,9,4450,0,0
47.95,2877,59,9,4450,0,0
47.96667,2878,61,9,4450,0,0
47.98333,2879,60,9,4450,0,0
48,2880,60,9,4450,0,0
48.01667,2881,57,9,4450,0,0
48.03333,2882,62,9,4450,0,0
48.05,2883,60,9,4450,0,0
48.06667,2884,61,9,4450,0,0
48.08333,2885,59,9,4450,0,0
48.1,2886,61,9,4450,0,0
48.11666,2887,59,9,4450,0,0
48.13334,2888,61,9,4450,0,0
48.15,2889,57,9,4450,0,0
48.16667,2890,63,9,4450,0,0
48.18333,2891,59,9,4450,0,0
48.2,2892,60,9,4450,0,0
48.21667,2893,61,9,4450,0,0
48.23333,2894,59,9,4450,0,0
48.25,2895,61,9,4450,0,0
48.26667,2896,60,9,4450,0,0
48.28333,2897,60,9,4450,0,0
48.3,2898,60,9,4450,0,0
48.31667,2899,59,9,4450,0,0
48.33333,2900,61,9,4450,0,0
48.35,2901,59,9,4450,0,0
48.36666,2902,61,9,4450,0,0
48.38334,2903,60,9,4450,0,0
48.4,2904,60,9,4450,0,0
48.41667,2905,60,9,4450,0,0
48.43333,2906,58,9,4450,0,0
48.45,2907,62,9,4450,0,0
48.46667,2908,60,9,4450,0,0
48.48333,2909,57,9,4450,0,0
48.5,2910,63,9,4450,0,0
48.51667,2911,60,9,4450,0,0
48.53333,2912,59,9,4450,0,0
48.55,2913,60,9,4450,0,0
48.56667,2914,60,9,4450,0,0
48.58333,2915,60,9,4450,0,0
48.6,2916,60,9,4450,0,0
48.61666,2917,60,9,4450,0,0
48.63334,2918,60,9,4450,0,0
48.65,2919,60,9,4450,0,0
48.66667,2920,58,9,4450,0,0
48.68333,2921,61,9,4450,0,0
48.7,2922,58,9,4450,0,0
48.71667,2923,62,9,4450,0,0
48.73333,2924,60,9,4450,0,0
48.75,2925,60,9,4450,0,0
48.76667,2926,58,9,4450,0,0
48.78333,2927,62,9,4450,0,0
48.8,2928,60,9,4450,0,0
48.81667,2929,60,9,4450,0,0
48.83333,2930,60,9,4450,0,0
48.85,2931,60,9,4450,0,0
48.86666,2932,57,9,4450,0,0
48.88334,2933,62,9,4450,0,0
48.9,2934,61,9,4450,0,0
48.91667,2935,60,9,4450,0,0
48.93333,2936,60,9,4450,0,0
48.95,2937,60,9,4450,0,0
48.96667,2938,57,9,4450,0,0
48.98333,2939,63,9,4450,0,0
49,2940,60,9,4450,0,0
49.01667,2941,60,9,4450,0,0
49.03333,2942,60,9,4450,0,0
49.05,2943,60,9,4450,0,0
49.06667,2944,58,9,4450,0,0
49.08333,2945,62,9,4450,0,0
49.1,2946,60,9,4450,0,0
49.11666,2947,60,9,4450,0,0
49.13334,2948,60,9,4450,0,0
49.15,2949,59,9,4450,0,0
49.16667,2950,58,9,4450,0,0
49.18333,2951,62,9,4450,0,0
49.2,2952,59,9,4450,0,0
49.21667,2953,61,9,4450,0,0
49.23333,2954,59,9,4450,0,0
49.25,2955,61,9,4450,0,0
49.26667,2956,60,9,4450,0,0
49.28333,2957,58,9,4450,0,0
49.3,2958,61,9,4450,0,0
49.31667,2959,60,9,4450,0,0
49.33333,2960,59,9,4450,0,0
49.35,2961,61,9,4450,0,0
49.36666,2962,60,9,4450,0,0
